Date Time,Open,High,Low,Close,Volume,Adj Close
2013-02-08 00:00:00,10.01,10.66,8.13,8.66,484167.40,8.66
2013-02-18 00:00:00,9.06,9.09,8.85,9.09,221306.70,9.09
2013-02-19 00:00:00,9.06,9.20,8.86,9.02,150219.29,9.02
2013-02-20 00:00:00,9.00,9.17,8.90,9.11,79619.49,9.11
2013-02-21 00:00:00,9.07,9.47,9.00,9.22,95343.24,9.22
2013-02-22 00:00:00,9.15,9.68,9.13,9.68,94390.34,9.68
2013-02-25 00:00:00,9.41,9.60,9.20,9.33,160605.73,9.33
2013-02-26 00:00:00,9.30,9.80,9.25,9.79,93639.89,9.79
2013-02-27 00:00:00,9.79,10.28,9.68,10.20,169842.78,10.20
2013-02-28 00:00:00,10.18,10.47,10.12,10.22,97277.47,10.22
2013-03-01 00:00:00,10.18,10.73,10.18,10.73,113015.28,10.73
2013-03-04 00:00:00,10.80,11.27,10.80,11.27,82285.30,11.27
2013-03-05 00:00:00,11.39,11.83,10.82,11.83,132839.40,11.83
2013-03-06 00:00:00,12.04,12.42,11.79,12.24,141954.16,12.24
2013-03-07 00:00:00,12.03,12.48,11.63,11.76,168177.78,11.76
2013-03-08 00:00:00,11.80,11.90,11.17,11.17,151456.20,11.17
2013-03-11 00:00:00,11.13,11.73,11.13,11.73,94597.45,11.73
2013-03-12 00:00:00,11.96,12.29,11.70,11.80,100540.17,11.80
2013-03-13 00:00:00,11.80,11.90,11.21,11.26,76829.52,11.26
2013-03-14 00:00:00,11.24,11.78,11.12,11.61,63601.96,11.61
2013-03-15 00:00:00,11.55,11.95,11.36,11.49,54658.10,11.49
2013-03-18 00:00:00,11.69,11.91,11.47,11.51,65472.89,11.51
2013-03-19 00:00:00,11.56,12.09,11.55,11.94,109635.50,11.94
2013-03-20 00:00:00,11.90,11.98,11.52,11.85,73984.96,11.85
2013-03-21 00:00:00,11.93,12.05,11.68,11.88,48862.92,11.88
2013-03-22 00:00:00,11.79,12.42,11.73,12.20,79363.04,12.20
2013-03-25 00:00:00,12.17,12.81,12.13,12.81,102274.56,12.81
2013-03-26 00:00:00,12.90,13.13,12.60,12.93,74706.24,12.93
2013-03-27 00:00:00,12.86,13.09,12.70,12.83,45718.46,12.83
2013-03-28 00:00:00,12.78,13.07,12.51,12.82,50043.57,12.82
2013-03-29 00:00:00,12.80,13.45,12.80,13.38,55203.09,13.38
2013-04-01 00:00:00,13.38,13.49,12.89,12.95,56154.51,12.95
2013-04-02 00:00:00,12.80,12.95,12.30,12.30,75186.74,12.30
2013-04-03 00:00:00,12.16,12.35,11.86,12.05,53094.70,12.05
2013-04-08 00:00:00,11.85,12.25,11.70,12.15,39220.22,12.15
2013-04-09 00:00:00,12.21,12.56,12.17,12.34,40247.95,12.34
2013-04-10 00:00:00,12.20,12.48,11.72,11.82,46204.00,11.82
2013-04-11 00:00:00,11.79,12.09,11.63,11.85,31958.71,11.85
2013-04-12 00:00:00,11.92,12.10,11.78,11.98,30236.86,11.98
2013-04-15 00:00:00,11.98,12.05,11.71,11.75,24515.71,11.75
2013-04-16 00:00:00,11.63,11.89,11.25,11.80,42447.29,11.80
2013-04-17 00:00:00,11.88,12.08,11.76,11.89,25888.79,11.89
2013-04-18 00:00:00,11.90,12.25,11.80,12.23,35666.82,12.23
2013-04-19 00:00:00,12.20,12.33,12.18,12.26,38348.29,12.26
2013-04-22 00:00:00,12.10,12.33,12.00,12.12,30117.40,12.12
2013-04-23 00:00:00,12.09,12.21,11.70,11.90,32980.90,11.90
2013-04-24 00:00:00,11.90,12.20,11.79,11.80,69640.32,11.80
2013-04-25 00:00:00,11.85,12.12,11.76,11.83,48808.91,11.83
2013-04-26 00:00:00,11.82,12.00,11.51,11.52,42787.38,11.52
2013-05-02 00:00:00,11.56,11.85,11.56,11.67,26183.51,11.67
2013-05-03 00:00:00,11.73,11.94,11.69,11.87,28383.67,11.87
2013-05-06 00:00:00,11.90,12.16,11.89,12.04,38631.17,12.04
2013-05-07 00:00:00,12.11,12.64,12.08,12.64,55687.55,12.64
2013-05-08 00:00:00,12.99,13.27,12.65,12.91,94514.18,12.91
2013-05-09 00:00:00,12.71,13.35,12.71,13.31,60284.12,13.31
2013-05-10 00:00:00,13.33,13.90,13.18,13.70,77599.17,13.70
2013-05-13 00:00:00,13.77,13.77,13.45,13.63,38447.69,13.63
2013-05-14 00:00:00,13.59,13.87,13.45,13.50,34902.30,13.50
2013-05-15 00:00:00,13.49,13.67,13.07,13.24,52377.76,13.24
2013-05-16 00:00:00,13.25,13.45,12.58,12.73,85783.15,12.73
2013-05-20 00:00:00,12.73,13.08,12.61,12.75,79743.88,12.75
2013-05-21 00:00:00,12.78,13.02,12.68,12.94,46481.14,12.94
2013-05-22 00:00:00,12.88,13.20,12.81,13.08,48520.86,13.08
2013-05-23 00:00:00,13.05,13.15,12.87,12.88,42172.03,12.88
2013-05-24 00:00:00,12.90,13.08,12.79,12.93,36702.67,12.93
2013-05-27 00:00:00,12.92,12.97,12.78,12.85,41510.19,12.85
2013-05-28 00:00:00,12.81,13.27,12.77,13.25,74407.25,13.25
2013-05-29 00:00:00,13.24,13.32,13.06,13.18,41866.41,13.18
2013-05-30 00:00:00,13.19,13.77,13.08,13.56,71485.31,13.56
2013-05-31 00:00:00,14.24,14.24,14.00,14.24,86433.79,14.24
2013-06-03 00:00:00,14.13,14.24,13.63,13.82,78130.45,13.82
2013-06-04 00:00:00,13.73,14.34,13.73,14.02,76332.27,14.02
2013-06-05 00:00:00,13.95,14.16,13.64,13.70,40600.31,13.70
2013-06-06 00:00:00,13.60,14.15,13.55,13.91,43333.98,13.91
2013-06-07 00:00:00,13.92,13.98,13.38,13.57,44034.16,13.57
2013-06-13 00:00:00,13.55,14.18,13.45,13.63,58604.12,13.63
2013-06-14 00:00:00,13.66,14.31,13.66,14.31,79453.17,14.31
2013-06-17 00:00:00,14.27,14.92,14.21,14.76,76262.45,14.76
2013-06-18 00:00:00,14.71,14.78,14.16,14.51,47869.62,14.51
2013-06-19 00:00:00,14.35,15.20,14.10,15.18,69766.27,15.18
2013-06-20 00:00:00,15.02,15.30,14.60,14.78,60630.18,14.78
2013-06-21 00:00:00,14.60,14.60,14.04,14.04,70236.43,14.04
2013-06-24 00:00:00,14.25,14.25,13.34,13.34,36075.22,13.34
2013-06-25 00:00:00,12.80,13.19,12.67,12.67,48725.10,12.67
2013-06-26 00:00:00,12.65,13.01,12.30,12.96,43156.98,12.96
2013-06-27 00:00:00,12.94,13.28,12.31,12.32,60882.97,12.32
2013-06-28 00:00:00,12.02,12.53,11.75,11.95,45605.71,11.95
2013-07-01 00:00:00,11.95,12.37,11.88,12.31,24560.73,12.31
2013-07-02 00:00:00,12.31,12.65,12.20,12.65,26064.39,12.65
2013-07-03 00:00:00,12.60,12.68,12.13,12.39,23832.01,12.39
2013-07-04 00:00:00,12.28,12.74,12.20,12.44,26425.37,12.44
2013-07-05 00:00:00,12.46,12.59,12.36,12.38,16464.82,12.38
2013-07-08 00:00:00,12.10,12.10,11.76,11.76,34045.70,11.76
2013-07-09 00:00:00,11.75,11.85,11.17,11.19,44691.86,11.19
2013-07-10 00:00:00,11.23,11.75,11.14,11.75,32583.43,11.75
2013-07-11 00:00:00,12.20,12.21,11.79,12.08,31282.16,12.08
2013-07-12 00:00:00,12.00,12.43,11.95,12.09,25010.81,12.09
2013-07-15 00:00:00,12.14,12.50,12.09,12.45,32545.88,12.45
2013-07-16 00:00:00,12.45,12.94,12.35,12.80,35087.14,12.80
2013-07-17 00:00:00,12.92,13.44,12.80,13.42,64410.88,13.42
2013-07-18 00:00:00,13.37,13.55,13.05,13.18,33663.90,13.18
2013-07-19 00:00:00,13.18,13.48,12.52,12.52,80096.02,12.52
2013-07-22 00:00:00,12.20,12.59,11.89,12.54,40851.04,12.54
2013-07-23 00:00:00,12.44,12.86,12.44,12.58,36665.05,12.58
2013-07-24 00:00:00,12.56,12.56,12.10,12.36,34800.68,12.36
2013-07-25 00:00:00,12.30,12.58,12.23,12.28,21496.70,12.28
2013-07-26 00:00:00,12.20,12.61,12.12,12.49,29896.91,12.49
2013-07-29 00:00:00,12.39,12.67,12.31,12.36,29101.94,12.36
2013-07-30 00:00:00,12.37,12.44,12.00,12.01,25522.48,12.01
2013-07-31 00:00:00,12.10,12.37,12.06,12.16,19595.44,12.16
2013-08-01 00:00:00,12.20,12.63,12.14,12.57,27703.46,12.57
2013-08-02 00:00:00,12.58,12.75,12.55,12.61,22309.97,12.61
2013-08-05 00:00:00,12.63,12.63,12.25,12.55,34184.24,12.55
2013-08-06 00:00:00,12.75,12.75,12.50,12.70,29080.97,12.70
2013-08-07 00:00:00,13.00,13.34,12.92,13.16,61313.15,13.16
2013-08-08 00:00:00,13.13,13.48,13.03,13.28,28379.30,13.28
2013-08-09 00:00:00,13.28,13.56,13.11,13.35,26468.42,13.35
2013-08-12 00:00:00,13.36,13.43,13.23,13.39,26863.06,13.39
2013-08-13 00:00:00,13.39,13.48,13.15,13.43,22725.22,13.43
2013-08-14 00:00:00,13.62,13.99,13.54,13.59,35633.18,13.59
2013-08-15 00:00:00,13.50,14.26,13.49,14.07,41793.26,14.07
2013-08-16 00:00:00,14.00,14.29,13.80,13.87,39998.76,13.87
2013-08-19 00:00:00,13.70,14.15,13.62,14.07,25296.15,14.07
2013-08-20 00:00:00,13.95,13.95,13.37,13.39,57863.67,13.39
2013-08-21 00:00:00,13.35,13.73,13.23,13.40,31294.04,13.40
2013-08-22 00:00:00,13.33,13.59,13.12,13.30,38313.61,13.30
2013-08-23 00:00:00,13.01,13.57,12.91,13.13,48453.69,13.13
2013-08-26 00:00:00,13.08,13.70,13.05,13.69,43740.75,13.69
2013-08-27 00:00:00,13.69,14.07,13.61,13.79,28108.96,13.79
2013-08-28 00:00:00,13.50,13.94,13.50,13.70,39972.59,13.70
2013-08-29 00:00:00,13.67,13.72,13.32,13.44,29304.81,13.44
2013-08-30 00:00:00,13.43,13.65,12.77,12.84,33329.97,12.84
2013-09-02 00:00:00,12.88,13.13,12.54,13.11,25399.37,13.11
2013-09-03 00:00:00,13.11,13.36,13.02,13.31,20926.18,13.31
2013-09-04 00:00:00,13.28,13.36,13.14,13.21,19387.32,13.21
2013-09-05 00:00:00,13.20,13.44,13.06,13.44,17993.10,13.44
2013-09-06 00:00:00,13.41,14.11,13.40,14.11,69394.02,14.11
2013-09-09 00:00:00,14.11,14.38,13.92,14.10,43081.43,14.10
2013-09-10 00:00:00,14.15,14.40,13.90,14.08,30860.81,14.08
2013-09-11 00:00:00,14.09,14.14,13.63,13.98,39818.51,13.98
2013-09-12 00:00:00,14.10,14.10,13.65,13.65,22228.99,13.65
2013-09-13 00:00:00,13.66,14.33,13.55,14.33,48274.64,14.33
2013-09-16 00:00:00,14.44,14.50,14.16,14.16,20374.19,14.16
2013-09-17 00:00:00,14.21,14.87,14.21,14.69,63156.44,14.69
2013-09-18 00:00:00,14.67,15.42,14.58,15.42,92866.11,15.42
2013-09-23 00:00:00,15.43,15.96,15.21,15.65,87082.83,15.65
2013-09-24 00:00:00,15.66,16.43,15.50,16.28,87869.70,16.28
2013-09-25 00:00:00,16.01,16.23,15.47,15.47,65293.93,15.47
2013-09-26 00:00:00,15.23,15.36,14.72,15.02,69401.09,15.02
2013-09-27 00:00:00,15.10,15.25,14.93,15.20,22181.92,15.20
2013-09-30 00:00:00,15.12,15.94,15.12,15.83,29566.66,15.83
2013-10-08 00:00:00,15.62,16.00,15.50,15.59,22750.10,15.59
2013-10-09 00:00:00,15.73,15.95,15.48,15.81,23023.25,15.81
2013-10-10 00:00:00,15.80,15.80,15.25,15.40,23473.39,15.40
2013-10-11 00:00:00,15.39,15.77,15.27,15.73,24713.30,15.73
2013-10-14 00:00:00,15.58,15.83,15.49,15.58,16457.00,15.58
2013-10-15 00:00:00,15.58,16.36,15.43,15.90,28299.87,15.90
2013-10-16 00:00:00,15.90,15.93,15.11,15.11,32228.93,15.11
2013-10-17 00:00:00,15.17,15.51,15.15,15.31,28623.47,15.31
2013-10-18 00:00:00,15.25,15.29,14.75,15.09,22586.97,15.09
2013-10-21 00:00:00,15.38,15.55,15.18,15.42,21838.89,15.42
2013-10-22 00:00:00,15.46,15.75,15.17,15.48,24811.80,15.48
2013-10-23 00:00:00,15.49,15.90,15.07,15.11,28355.10,15.11
2013-10-24 00:00:00,15.08,15.50,14.88,15.38,19189.84,15.38
2013-10-25 00:00:00,15.34,15.48,14.66,15.00,20892.24,15.00
2013-10-28 00:00:00,15.04,15.25,14.90,15.20,16748.85,15.20
2013-10-29 00:00:00,15.22,15.29,14.44,14.58,20474.05,14.58
2013-10-30 00:00:00,14.55,15.10,14.05,15.10,36078.07,15.10
2013-10-31 00:00:00,15.08,15.78,15.00,15.73,37372.16,15.73
2013-11-01 00:00:00,15.72,15.74,15.35,15.62,27989.32,15.62
2013-11-04 00:00:00,15.50,15.68,15.30,15.46,16732.77,15.46
2013-11-05 00:00:00,15.38,15.60,15.25,15.54,19062.22,15.54
2013-11-06 00:00:00,15.52,15.75,15.40,15.44,14052.23,15.44
2013-11-07 00:00:00,15.43,15.52,15.26,15.35,8470.03,15.35
2013-11-08 00:00:00,15.28,15.59,15.16,15.16,11189.27,15.16
2013-11-11 00:00:00,15.12,15.38,14.81,14.95,13345.18,14.95
2013-11-12 00:00:00,14.98,15.04,14.83,14.90,6511.45,14.90
2013-11-13 00:00:00,14.88,15.07,14.81,14.83,7126.75,14.83
2013-11-14 00:00:00,14.76,15.22,14.69,15.00,12699.28,15.00
2013-11-15 00:00:00,15.00,15.45,15.00,15.29,21994.62,15.29
2013-11-18 00:00:00,15.27,15.27,14.53,14.53,46419.87,14.53
2013-11-19 00:00:00,14.18,14.51,13.91,14.30,47365.37,14.30
2013-11-20 00:00:00,14.20,14.45,14.15,14.35,21912.13,14.35
2013-11-21 00:00:00,14.36,14.61,14.23,14.45,20957.69,14.45
2013-11-22 00:00:00,14.43,14.45,14.14,14.17,18398.30,14.17
2013-11-25 00:00:00,14.05,14.40,14.05,14.21,17233.26,14.21
2013-11-26 00:00:00,14.20,14.28,13.81,13.87,23556.21,13.87
2013-11-27 00:00:00,13.87,14.21,13.53,14.14,45957.92,14.14
2013-11-28 00:00:00,14.10,14.30,13.95,14.13,24355.30,14.13
2013-11-29 00:00:00,14.10,14.42,14.02,14.35,21163.62,14.35
2013-12-02 00:00:00,13.63,13.97,13.63,13.63,50541.13,13.63
2013-12-03 00:00:00,13.63,13.83,13.12,13.78,24919.25,13.78
2013-12-04 00:00:00,13.86,14.47,13.85,14.32,43358.63,14.32
2013-12-05 00:00:00,14.32,14.61,14.07,14.50,23205.63,14.50
2013-12-06 00:00:00,14.45,14.64,14.40,14.49,16946.95,14.49
2013-12-09 00:00:00,14.42,14.94,14.42,14.80,15188.22,14.80
2013-12-10 00:00:00,14.78,15.24,14.62,15.12,18917.91,15.12
2013-12-11 00:00:00,15.16,15.88,15.05,15.83,78436.65,15.83
2013-12-12 00:00:00,15.60,15.83,15.23,15.34,53745.14,15.34
2013-12-13 00:00:00,15.40,15.40,14.57,15.22,46020.46,15.22
2014-05-19 00:00:00,15.63,15.98,14.51,15.98,155739.87,15.98
2014-05-20 00:00:00,16.78,16.78,16.60,16.78,71714.68,16.78
2014-05-21 00:00:00,17.62,17.62,17.62,17.62,32961.35,17.62
2014-05-22 00:00:00,18.50,18.50,17.22,17.53,311842.29,17.53
2014-05-23 00:00:00,17.77,18.41,17.55,18.41,223895.72,18.41
2014-07-15 00:00:00,8.50,10.16,8.00,8.75,2328453.97,8.75
2014-07-16 00:00:00,8.75,9.63,8.73,9.63,996885.83,9.63
2014-07-17 00:00:00,10.08,10.59,9.53,9.63,1760650.86,9.63
2014-07-18 00:00:00,9.70,10.20,9.36,9.86,1295546.53,9.86
2014-07-21 00:00:00,9.50,9.53,8.87,8.88,1316883.47,8.88
2014-07-22 00:00:00,8.80,9.06,8.52,8.96,802149.60,8.96
2014-07-23 00:00:00,9.20,9.30,8.40,8.58,828808.04,8.58
2014-07-24 00:00:00,8.41,8.58,7.91,8.05,717450.34,8.05
2014-07-25 00:00:00,7.99,8.21,7.88,8.16,422225.68,8.16
2014-07-28 00:00:00,8.16,8.46,8.02,8.34,476889.59,8.34
2014-07-29 00:00:00,8.32,8.54,8.25,8.38,421312.81,8.38
2014-07-30 00:00:00,8.30,9.22,8.28,9.22,1014861.18,9.22
2014-07-31 00:00:00,9.26,9.60,9.06,9.20,1096593.07,9.20
2014-08-01 00:00:00,8.96,9.28,8.89,9.03,530963.12,9.03
2014-08-04 00:00:00,8.98,9.59,8.98,9.30,562464.99,9.30
2014-08-05 00:00:00,9.32,9.60,9.19,9.41,475157.62,9.41
2014-08-06 00:00:00,9.31,9.36,9.12,9.22,354156.84,9.22
2014-08-07 00:00:00,9.18,9.35,9.08,9.11,300290.02,9.11
2014-08-08 00:00:00,9.08,9.86,9.07,9.56,604247.19,9.56
2014-08-11 00:00:00,9.62,10.36,9.54,10.17,731429.03,10.17
2014-08-12 00:00:00,10.05,10.17,9.87,10.12,468912.12,10.12
2014-08-13 00:00:00,10.04,11.13,9.99,11.13,1071878.27,11.13
2014-08-14 00:00:00,11.19,11.90,10.91,11.47,1185304.88,11.47
2014-08-15 00:00:00,11.46,12.58,11.30,11.73,1277448.48,11.73
2014-08-18 00:00:00,11.60,11.82,11.11,11.20,997517.66,11.20
2014-08-19 00:00:00,11.08,11.37,10.77,11.01,778544.50,11.01
2014-08-20 00:00:00,11.13,11.32,10.85,11.18,527283.08,11.18
2014-08-21 00:00:00,11.13,11.20,10.71,10.89,443583.54,10.89
2014-08-22 00:00:00,10.75,11.25,10.60,11.03,547913.84,11.03
2014-08-25 00:00:00,10.88,11.06,10.63,10.66,359501.37,10.66
2014-08-26 00:00:00,10.62,11.13,10.54,10.99,493334.23,10.99
2014-08-27 00:00:00,10.97,11.37,10.87,11.21,477777.50,11.21
2014-08-28 00:00:00,11.25,11.27,10.96,11.10,324461.41,11.10
2014-08-29 00:00:00,11.13,11.75,10.78,11.70,493453.30,11.70
2014-09-01 00:00:00,11.80,12.47,11.70,12.29,586253.38,12.29
2014-09-02 00:00:00,12.58,13.02,12.24,12.36,685293.03,12.36
2014-09-03 00:00:00,12.36,12.89,12.11,12.67,602526.28,12.67
2014-09-04 00:00:00,12.67,12.84,12.45,12.56,399994.57,12.56
2014-09-05 00:00:00,12.85,12.97,12.38,12.40,394160.47,12.40
2014-09-09 00:00:00,12.25,12.36,12.07,12.18,303962.39,12.18
2014-09-10 00:00:00,12.20,12.86,12.18,12.73,384243.29,12.73
2014-09-11 00:00:00,12.79,13.00,12.52,12.62,324105.88,12.62
2014-09-12 00:00:00,12.65,13.52,12.60,13.37,474959.97,13.37
2014-09-15 00:00:00,13.52,13.64,13.06,13.45,358962.40,13.45
2014-09-16 00:00:00,13.50,13.50,12.18,12.39,520773.44,12.39
2014-09-17 00:00:00,12.45,12.59,11.61,12.12,450705.36,12.12
2014-09-18 00:00:00,12.11,12.79,11.90,12.78,401768.72,12.78
2014-09-19 00:00:00,12.83,13.26,12.80,13.05,401145.13,13.05
2014-09-22 00:00:00,13.02,13.10,12.32,12.44,326094.10,12.44
2014-09-23 00:00:00,12.44,12.56,12.16,12.46,280113.77,12.46
2014-09-24 00:00:00,12.45,12.59,12.30,12.50,253738.76,12.50
2014-09-25 00:00:00,12.60,12.98,12.45,12.63,323347.63,12.63
2014-09-26 00:00:00,12.63,12.73,12.24,12.27,262092.06,12.27
2014-09-29 00:00:00,12.32,12.43,12.12,12.29,248384.20,12.29
2014-09-30 00:00:00,12.38,12.80,12.28,12.75,287872.16,12.75
2014-10-08 00:00:00,12.75,12.82,12.60,12.75,212235.78,12.75
2014-10-09 00:00:00,12.35,12.59,12.26,12.40,321533.99,12.40
2014-10-10 00:00:00,12.35,12.88,12.30,12.68,342009.81,12.68
2014-10-13 00:00:00,12.60,12.68,12.23,12.55,172998.02,12.55
2014-10-14 00:00:00,12.66,12.77,12.41,12.56,198620.92,12.56
2014-10-15 00:00:00,12.51,12.61,11.89,12.22,292047.89,12.22
2014-10-16 00:00:00,12.12,12.12,11.50,11.57,255675.08,11.57
2014-10-17 00:00:00,11.57,12.04,11.50,12.00,251210.43,12.00
2014-10-20 00:00:00,12.03,12.32,12.03,12.29,209031.48,12.29
2014-10-21 00:00:00,12.30,12.41,12.11,12.26,132978.65,12.26
2014-10-22 00:00:00,12.25,12.72,12.21,12.61,271178.57,12.61
2014-10-23 00:00:00,12.60,12.84,12.26,12.40,157411.68,12.40
2014-10-24 00:00:00,12.50,12.65,12.33,12.42,128329.47,12.42
2014-10-27 00:00:00,12.45,12.65,12.40,12.64,138691.37,12.64
2014-10-28 00:00:00,12.60,12.94,12.60,12.82,193470.88,12.82
2014-10-29 00:00:00,12.88,12.93,12.62,12.73,199444.41,12.73
2014-10-30 00:00:00,12.66,12.88,12.43,12.50,170682.08,12.50
2014-10-31 00:00:00,12.56,12.72,12.29,12.56,187335.43,12.56
2014-11-03 00:00:00,12.51,12.63,12.38,12.44,149430.48,12.44
2014-11-04 00:00:00,12.49,12.58,12.14,12.32,219663.39,12.32
2014-11-05 00:00:00,12.38,13.35,12.31,13.20,555914.38,13.20
2014-12-26 00:00:00,11.97,13.00,11.88,12.08,611842.06,12.08
2014-12-29 00:00:00,11.88,11.88,10.87,10.87,482941.21,10.87
2014-12-30 00:00:00,10.69,10.69,9.78,9.85,425289.53,9.85
2014-12-31 00:00:00,9.95,10.44,9.90,9.91,260280.78,9.91
2015-01-05 00:00:00,9.91,10.10,9.25,9.64,224729.60,9.64
2015-01-06 00:00:00,9.53,10.58,9.40,10.36,263018.99,10.36
2015-01-07 00:00:00,10.20,10.52,10.15,10.22,166311.97,10.22
2015-01-08 00:00:00,10.22,10.58,10.11,10.35,142907.03,10.35
2015-01-09 00:00:00,10.35,10.60,10.23,10.45,128832.50,10.45
2015-01-12 00:00:00,10.40,10.40,9.93,10.10,105993.36,10.10
2015-01-13 00:00:00,10.25,10.49,10.25,10.32,115002.49,10.32
2015-01-14 00:00:00,10.39,10.43,9.75,9.89,154742.66,9.89
2015-01-15 00:00:00,9.99,10.13,9.87,9.92,127628.77,9.92
2015-01-16 00:00:00,9.94,10.37,9.93,10.12,169266.86,10.12
2015-01-19 00:00:00,9.90,10.16,9.50,9.73,152928.32,9.73
2015-01-20 00:00:00,9.88,10.13,9.80,9.98,150021.71,9.98
2015-01-21 00:00:00,10.08,10.47,10.08,10.34,208360.87,10.34
2015-01-22 00:00:00,10.36,11.00,10.28,10.95,267060.48,10.95
2015-01-23 00:00:00,10.95,11.14,10.64,10.74,256277.36,10.74
2015-01-26 00:00:00,10.85,11.12,10.60,11.11,196300.87,11.11
2015-01-27 00:00:00,11.11,11.56,11.08,11.47,234223.16,11.47
2015-01-28 00:00:00,11.60,11.74,11.32,11.33,187599.97,11.33
2015-01-29 00:00:00,11.35,11.50,11.17,11.32,117450.82,11.32
2015-01-30 00:00:00,11.32,11.37,11.00,11.20,114332.12,11.20
2015-02-02 00:00:00,11.19,11.27,11.01,11.21,93954.02,11.21
2015-02-03 00:00:00,11.21,11.30,11.10,11.28,85051.89,11.28
2015-02-04 00:00:00,11.32,11.42,11.07,11.32,148319.15,11.32
2015-02-05 00:00:00,11.37,11.83,11.30,11.62,274769.21,11.62
2015-02-06 00:00:00,11.51,11.72,11.40,11.60,160927.13,11.60
2015-02-09 00:00:00,11.68,11.76,11.46,11.54,96305.35,11.54
2015-02-10 00:00:00,11.59,12.00,11.31,11.78,167406.04,11.78
2015-02-11 00:00:00,11.90,12.06,11.68,11.80,88568.39,11.80
2015-02-12 00:00:00,11.75,11.98,11.71,11.82,112503.07,11.82
2015-02-13 00:00:00,11.85,12.29,11.82,12.06,144217.88,12.06
2015-02-16 00:00:00,12.06,12.40,11.72,12.15,199506.58,12.15
2015-02-17 00:00:00,12.16,13.37,12.09,13.03,260499.49,13.03
2015-02-25 00:00:00,13.03,13.53,12.95,13.09,202000.84,13.09
2015-02-26 00:00:00,13.07,13.38,12.80,13.34,162994.56,13.34
2015-02-27 00:00:00,13.38,13.84,13.24,13.67,217178.97,13.67
2015-03-02 00:00:00,13.75,13.99,13.44,13.53,196766.37,13.53
2015-03-03 00:00:00,13.57,13.58,13.02,13.30,263878.31,13.30
2015-03-04 00:00:00,13.25,13.35,13.15,13.30,122067.51,13.30
2015-03-05 00:00:00,13.38,13.38,13.02,13.04,134652.39,13.04
2015-03-06 00:00:00,13.15,14.34,13.12,13.78,415060.34,13.78
2015-03-09 00:00:00,13.78,13.95,13.00,13.40,171872.88,13.40
2015-03-10 00:00:00,13.52,13.54,13.18,13.27,139850.04,13.27
2015-03-11 00:00:00,13.39,13.39,13.03,13.15,130349.18,13.15
2015-03-12 00:00:00,13.39,13.48,12.89,12.95,141908.88,12.95
2015-03-13 00:00:00,13.00,13.18,12.90,12.98,134534.92,12.98
2015-03-16 00:00:00,13.15,13.47,13.08,13.21,228871.24,13.21
2015-03-17 00:00:00,13.24,13.65,13.24,13.49,332501.16,13.49
2015-03-18 00:00:00,13.50,13.60,13.32,13.45,314530.18,13.45
2015-03-19 00:00:00,13.42,14.50,13.34,13.96,527590.71,13.96
2015-03-20 00:00:00,13.95,13.95,13.62,13.66,332316.53,13.66
2015-03-23 00:00:00,13.68,13.87,13.38,13.74,403146.06,13.74
2015-03-24 00:00:00,13.74,13.74,12.90,13.29,366991.68,13.29
2015-03-25 00:00:00,13.30,13.55,13.04,13.37,280559.51,13.37
2015-03-26 00:00:00,13.35,13.69,13.24,13.40,265575.00,13.40
2015-03-27 00:00:00,13.39,13.74,13.16,13.67,319552.96,13.67
2015-03-30 00:00:00,13.60,13.90,13.56,13.77,405225.00,13.77
2015-04-02 00:00:00,13.40,13.90,13.33,13.79,587381.04,13.79
2015-04-03 00:00:00,13.72,14.69,13.60,14.65,670218.88,14.65
2015-04-07 00:00:00,14.80,16.00,14.78,15.27,604847.40,15.27
2015-04-08 00:00:00,15.28,15.37,14.56,14.82,363796.80,14.82
2015-04-09 00:00:00,14.66,16.27,14.60,15.95,676928.12,15.95
2015-04-10 00:00:00,15.90,16.26,15.57,15.94,382685.52,15.94
2015-04-13 00:00:00,15.96,16.28,15.75,15.85,406593.87,15.85
2015-04-14 00:00:00,15.86,15.90,15.09,15.23,379892.09,15.23
2015-04-15 00:00:00,15.17,15.18,14.01,14.02,359923.79,14.02
2015-04-16 00:00:00,13.88,14.42,13.41,14.13,403758.69,14.13
2015-04-17 00:00:00,14.24,14.31,13.70,13.81,416013.89,13.81
2015-04-20 00:00:00,13.78,13.93,13.28,13.37,365239.34,13.37
2015-04-21 00:00:00,13.28,13.86,13.28,13.83,246133.72,13.83
2015-04-22 00:00:00,13.85,14.43,13.85,14.36,328347.06,14.36
2015-04-23 00:00:00,14.49,14.58,13.91,14.09,314689.26,14.09
2015-04-24 00:00:00,14.04,14.48,13.80,14.11,324222.41,14.11
2015-04-27 00:00:00,14.20,14.44,14.12,14.24,335032.17,14.24
2015-04-28 00:00:00,14.24,14.28,13.22,13.43,362034.31,13.43
2015-04-29 00:00:00,13.48,14.12,13.33,14.12,303311.83,14.12
2015-04-30 00:00:00,14.15,14.30,13.80,13.81,201493.39,13.81
2015-05-04 00:00:00,13.90,13.93,13.57,13.67,176191.18,13.67
2015-05-05 00:00:00,13.89,14.26,13.61,13.67,264636.89,13.67
2015-05-06 00:00:00,13.72,13.90,13.24,13.41,201788.99,13.41
2015-05-07 00:00:00,13.40,13.40,12.18,12.50,213301.30,12.50
2015-05-08 00:00:00,12.70,13.00,12.61,12.97,165085.78,12.97
2015-05-11 00:00:00,13.18,13.45,12.89,13.33,229636.07,13.33
2015-05-12 00:00:00,13.35,13.75,13.35,13.56,248003.95,13.56
2015-05-13 00:00:00,13.55,13.97,13.25,13.86,326311.51,13.86
2015-05-14 00:00:00,13.90,15.15,13.61,14.69,509615.62,14.69
2015-05-15 00:00:00,14.55,15.37,14.35,14.87,560427.81,14.87
2015-05-18 00:00:00,14.84,15.29,14.41,14.64,470177.82,14.64
2015-05-19 00:00:00,14.52,15.13,14.51,15.03,414189.05,15.03
2015-05-20 00:00:00,15.06,16.29,15.02,15.84,618468.49,15.84
2015-05-21 00:00:00,15.87,17.42,15.87,17.27,659264.84,17.27
2015-05-22 00:00:00,17.50,17.68,16.33,17.10,632136.16,17.10
2015-05-25 00:00:00,17.00,18.34,16.68,18.00,611284.22,18.00
2015-05-26 00:00:00,18.22,18.45,17.69,18.17,543789.03,18.17
2015-05-27 00:00:00,18.16,18.29,17.08,17.52,594349.94,17.52
2015-05-28 00:00:00,17.44,18.80,16.80,16.80,686212.67,16.80
2015-05-29 00:00:00,16.92,17.44,15.80,17.05,454390.56,17.05
2015-06-01 00:00:00,17.14,18.45,17.13,18.34,499991.93,18.34
2015-06-02 00:00:00,18.40,19.15,18.31,19.06,511650.89,19.06
2015-06-03 00:00:00,19.58,19.80,17.89,18.67,488668.51,18.67
2015-06-04 00:00:00,18.50,18.50,16.90,18.05,431927.56,18.05
2015-06-05 00:00:00,18.30,19.12,18.19,19.10,573833.61,19.10
2015-06-08 00:00:00,19.11,21.01,19.11,21.01,751643.59,21.01
2015-06-09 00:00:00,20.78,22.89,20.10,21.40,766752.44,21.40
2015-06-10 00:00:00,20.81,22.50,20.50,21.54,491032.65,21.54
2015-06-11 00:00:00,21.39,21.51,20.90,21.20,408994.49,21.20
2015-06-12 00:00:00,21.26,23.28,21.26,22.98,507697.58,22.98
2015-06-15 00:00:00,23.70,24.18,22.77,22.88,509523.32,22.88
2015-06-16 00:00:00,23.01,23.20,21.00,21.21,491678.53,21.21
2015-06-17 00:00:00,21.00,21.50,19.50,21.37,428914.96,21.37
2015-06-18 00:00:00,21.50,22.00,20.22,20.50,300243.52,20.50
2015-06-19 00:00:00,19.70,20.80,18.45,18.45,279726.31,18.45
2015-06-23 00:00:00,18.45,18.94,16.61,17.95,347305.96,17.95
2015-06-24 00:00:00,18.30,18.67,17.03,17.98,355193.78,17.98
2015-06-25 00:00:00,17.99,18.20,16.57,16.92,298131.95,16.92
2015-06-26 00:00:00,16.10,16.30,15.23,15.23,273373.81,15.23
2015-06-29 00:00:00,15.65,15.65,13.71,13.71,494077.08,13.71
2015-06-30 00:00:00,13.13,14.98,12.34,14.80,495107.01,14.80
2015-07-01 00:00:00,14.41,15.30,13.32,13.32,389845.97,13.32
2015-07-02 00:00:00,13.43,13.65,11.99,11.99,394192.53,11.99
2015-07-03 00:00:00,11.50,12.10,10.79,10.79,350111.42,10.79
2015-07-06 00:00:00,11.87,11.87,9.71,9.71,426721.48,9.71
2015-07-07 00:00:00,9.00,9.50,8.74,8.74,479782.60,8.74
2015-07-20 00:00:00,9.61,9.61,9.61,9.61,8643.49,9.61
2015-07-21 00:00:00,10.57,10.57,10.57,10.57,4130.25,10.57
2015-07-22 00:00:00,11.63,11.63,11.63,11.63,23793.64,11.63
2015-07-23 00:00:00,12.79,12.79,12.79,12.79,163545.47,12.79
2015-07-24 00:00:00,13.80,14.07,13.50,14.07,1238993.07,14.07
2015-07-27 00:00:00,13.50,14.48,12.66,12.66,996201.63,12.66
2015-07-28 00:00:00,11.40,13.04,11.39,11.73,629657.05,11.73
2015-07-29 00:00:00,11.99,12.90,11.00,12.78,550510.23,12.78
2015-07-30 00:00:00,12.59,13.26,12.14,12.35,489174.22,12.35
2015-07-31 00:00:00,11.94,12.25,11.20,11.68,348046.84,11.68
2015-08-03 00:00:00,11.40,11.54,10.62,10.95,283592.76,10.95
2015-08-04 00:00:00,10.99,11.95,10.99,11.93,227433.52,11.93
2015-08-05 00:00:00,12.00,12.35,11.60,11.77,276220.48,11.77
2015-08-06 00:00:00,11.50,11.86,11.35,11.56,171475.63,11.56
2015-08-07 00:00:00,11.78,12.10,11.50,11.99,241885.23,11.99
2015-08-10 00:00:00,11.90,12.94,11.90,12.67,346272.97,12.67
2015-08-11 00:00:00,12.68,13.08,12.50,12.68,366799.69,12.68
2015-08-12 00:00:00,12.38,12.85,12.01,12.40,251134.87,12.40
2015-08-13 00:00:00,12.49,12.68,12.10,12.68,244476.46,12.68
2015-08-14 00:00:00,12.77,13.20,12.61,12.93,388326.30,12.93
2015-08-17 00:00:00,12.93,13.70,12.79,13.64,399151.70,13.64
2015-08-18 00:00:00,13.66,14.23,12.28,12.28,509589.79,12.28
2015-08-19 00:00:00,11.58,13.05,11.45,13.02,328785.10,13.02
2015-08-20 00:00:00,13.02,13.40,12.65,12.78,321428.42,12.78
2015-08-21 00:00:00,12.51,12.78,11.79,12.25,263291.53,12.25
2015-08-24 00:00:00,11.51,11.57,11.03,11.03,222736.46,11.03
2015-08-25 00:00:00,9.93,10.18,9.93,9.93,151427.99,9.93
2015-08-26 00:00:00,10.15,10.78,8.94,10.67,519014.46,10.67
2015-08-27 00:00:00,10.37,11.56,9.96,11.30,401327.32,11.30
2015-08-28 00:00:00,11.30,11.87,11.01,11.63,296662.51,11.63
2015-08-31 00:00:00,11.31,11.39,10.73,10.87,217396.08,10.87
2015-09-01 00:00:00,10.70,10.70,9.78,10.37,235606.81,10.37
2015-09-02 00:00:00,9.50,10.30,9.38,9.43,182361.04,9.43
2015-11-11 00:00:00,10.37,10.37,10.37,10.37,8162.40,10.37
2015-11-12 00:00:00,11.41,11.41,11.41,11.41,10884.91,11.41
2015-11-13 00:00:00,12.55,12.55,12.55,12.55,26147.02,12.55
2015-11-16 00:00:00,13.20,13.50,12.38,12.66,863704.33,12.66
2015-11-17 00:00:00,12.58,13.35,12.58,12.92,599887.14,12.92
2015-11-18 00:00:00,12.79,12.95,12.05,12.10,376479.75,12.10
2015-11-19 00:00:00,12.15,12.50,11.93,12.35,288643.18,12.35
2015-11-20 00:00:00,12.35,13.30,12.35,12.91,507625.51,12.91
2015-11-23 00:00:00,12.93,14.20,12.90,14.20,334140.64,14.20
2015-11-24 00:00:00,14.77,15.05,13.75,14.45,704865.18,14.45
2015-11-25 00:00:00,14.25,15.55,14.01,15.20,669760.34,15.20
2015-11-26 00:00:00,14.99,15.49,14.70,14.72,509556.76,14.72
2015-11-27 00:00:00,14.61,14.65,13.25,13.53,427885.84,13.53
2015-11-30 00:00:00,13.35,13.86,12.51,13.80,332299.44,13.80
2015-12-01 00:00:00,13.80,13.90,13.06,13.32,230855.50,13.32
2015-12-02 00:00:00,13.31,13.62,12.80,13.47,224647.14,13.47
2015-12-03 00:00:00,13.45,14.22,13.30,13.92,246167.54,13.92
2015-12-04 00:00:00,13.98,14.24,13.69,13.88,241067.96,13.88
2015-12-07 00:00:00,13.92,14.22,13.65,14.08,232558.09,14.08
2015-12-08 00:00:00,14.00,14.00,13.41,13.46,175132.12,13.46
2015-12-09 00:00:00,13.55,13.91,13.08,13.21,215724.02,13.21
2015-12-10 00:00:00,13.54,14.21,13.34,14.01,368624.20,14.01
2015-12-11 00:00:00,14.25,15.07,13.89,14.73,517492.06,14.73
2015-12-14 00:00:00,14.40,15.16,14.30,14.80,340991.78,14.80
2015-12-15 00:00:00,14.84,15.29,14.40,15.11,403198.68,15.11
2015-12-16 00:00:00,15.13,15.97,15.13,15.34,461637.34,15.34
2015-12-17 00:00:00,15.36,15.90,15.22,15.62,482783.88,15.62
2015-12-18 00:00:00,15.58,17.08,15.27,16.52,567880.84,16.52
2015-12-21 00:00:00,16.56,17.07,16.30,16.64,434434.52,16.64
2015-12-22 00:00:00,17.25,17.68,16.63,16.67,609431.22,16.67
2015-12-23 00:00:00,16.35,16.97,15.80,15.94,415924.70,15.94
2015-12-24 00:00:00,15.94,16.28,15.51,16.11,357946.22,16.11
2015-12-25 00:00:00,16.20,16.20,15.52,15.70,338607.67,15.70
2015-12-28 00:00:00,15.70,15.96,15.38,15.45,307478.95,15.45
2015-12-29 00:00:00,15.51,16.20,15.45,16.20,319369.66,16.20
2015-12-30 00:00:00,16.50,17.26,16.30,16.86,476716.21,16.86
2015-12-31 00:00:00,16.71,16.86,15.81,15.86,305387.82,15.86
2016-01-04 00:00:00,16.00,16.13,14.27,14.27,277682.36,14.27
2016-01-05 00:00:00,13.00,13.65,12.84,12.85,492825.53,12.85
2016-01-06 00:00:00,12.98,13.35,12.56,13.11,317302.74,13.11
2016-01-07 00:00:00,12.94,12.97,11.80,11.80,83948.25,11.80
2016-01-08 00:00:00,11.90,12.29,10.65,11.38,424612.31,11.38
2016-01-11 00:00:00,11.20,11.20,10.24,10.24,297793.22,10.24
2016-01-12 00:00:00,10.24,10.63,9.80,10.33,248870.53,10.33
2016-01-13 00:00:00,10.50,10.74,9.82,9.91,189975.20,9.91
2016-01-14 00:00:00,9.41,10.50,9.37,10.45,189300.91,10.45
2016-01-15 00:00:00,10.40,10.68,10.00,10.20,204110.38,10.20
2016-01-18 00:00:00,9.98,10.72,9.89,10.50,196637.20,10.50
2016-01-19 00:00:00,10.52,11.00,10.36,10.90,192931.10,10.90
2016-01-20 00:00:00,10.83,11.08,10.61,10.79,168918.36,10.79
2016-01-21 00:00:00,10.30,10.81,9.71,9.97,213923.77,9.97
2016-01-22 00:00:00,10.14,10.22,9.65,10.08,148408.45,10.08
2016-01-25 00:00:00,10.27,10.65,10.11,10.49,165426.59,10.49
2016-01-26 00:00:00,10.15,10.33,9.44,9.60,189838.16,9.60
2016-01-27 00:00:00,9.40,9.79,8.65,9.68,208150.02,9.68
2016-01-28 00:00:00,9.48,9.60,9.21,9.49,126028.65,9.49
2016-01-29 00:00:00,9.49,10.09,9.29,9.91,173007.91,9.91
2016-02-01 00:00:00,10.11,10.15,9.74,9.99,163160.49,9.99
2016-02-02 00:00:00,9.95,10.71,9.95,10.61,191440.42,10.61
2016-02-03 00:00:00,10.35,10.59,10.21,10.50,134097.63,10.50
2016-02-04 00:00:00,10.55,10.84,10.50,10.60,129221.36,10.60
2016-02-05 00:00:00,10.60,10.97,10.52,10.81,164095.43,10.81
2016-02-15 00:00:00,10.35,10.79,10.28,10.64,93646.12,10.64
2016-02-16 00:00:00,10.70,11.04,10.69,10.94,150526.12,10.94
2016-02-17 00:00:00,10.86,11.65,10.75,11.42,215774.44,11.42
2016-02-18 00:00:00,11.40,11.95,11.23,11.36,214670.10,11.36
2016-02-19 00:00:00,11.21,11.72,11.10,11.45,167299.93,11.45
2016-02-22 00:00:00,11.60,11.83,11.30,11.60,210123.79,11.60
2016-02-23 00:00:00,12.76,12.76,12.12,12.19,467288.74,12.19
2016-02-24 00:00:00,11.85,11.96,11.50,11.91,278548.52,11.91
2016-02-25 00:00:00,11.84,12.06,10.72,10.72,234403.95,10.72
2016-02-26 00:00:00,10.79,11.08,10.19,10.37,136291.87,10.37
2016-02-29 00:00:00,10.15,10.32,9.33,9.60,210744.47,9.60
2016-03-01 00:00:00,9.63,9.96,9.32,9.83,124126.88,9.83
2016-03-02 00:00:00,9.83,10.49,9.68,10.48,198130.74,10.48
2016-03-03 00:00:00,10.32,10.88,10.30,10.37,225376.06,10.37
2016-03-04 00:00:00,10.28,10.63,9.75,10.09,163722.27,10.09
2016-03-07 00:00:00,10.19,10.41,10.06,10.34,136643.86,10.34
2016-03-08 00:00:00,10.45,10.45,9.65,10.25,134247.03,10.25
2016-03-09 00:00:00,9.95,10.12,9.73,9.91,97821.02,9.91
2016-03-10 00:00:00,9.98,10.16,9.70,9.90,93669.02,9.90
2016-03-11 00:00:00,9.70,10.11,9.31,10.06,120704.33,10.06
2016-03-14 00:00:00,10.11,10.46,10.02,10.32,163751.78,10.32
2016-03-15 00:00:00,10.22,10.35,9.95,10.15,114559.93,10.15
2016-03-16 00:00:00,10.26,10.43,9.80,9.93,106177.86,9.93
2016-03-17 00:00:00,9.89,10.25,9.81,10.18,150168.38,10.18
2016-03-18 00:00:00,10.22,10.76,10.10,10.67,293898.19,10.67
2016-03-21 00:00:00,10.81,11.19,10.59,11.09,340272.55,11.09
2016-03-22 00:00:00,11.04,11.60,10.86,11.17,295985.21,11.17
2016-03-23 00:00:00,10.98,11.39,10.88,11.20,215131.55,11.20
2016-03-24 00:00:00,11.08,11.19,10.71,10.91,188665.27,10.91
2016-03-25 00:00:00,10.97,12.00,10.83,11.57,679363.15,11.57
2016-03-28 00:00:00,11.50,11.70,11.11,11.32,334241.36,11.32
2016-03-29 00:00:00,11.29,11.29,10.60,10.66,258154.33,10.66
2016-03-30 00:00:00,10.82,11.10,10.70,11.09,173820.77,11.09
2016-03-31 00:00:00,11.11,11.55,11.07,11.24,266560.83,11.24
2016-04-01 00:00:00,11.18,11.26,10.80,11.21,210678.89,11.21
2016-04-05 00:00:00,11.14,12.33,11.14,12.33,713392.68,12.33
2016-04-06 00:00:00,13.00,13.56,12.76,13.56,980748.26,13.56
2016-04-07 00:00:00,13.81,14.88,13.67,14.02,1329843.66,14.02
2016-04-08 00:00:00,14.30,14.66,14.10,14.21,856490.41,14.21
2016-04-11 00:00:00,14.03,15.10,13.84,14.37,809145.68,14.37
2016-04-12 00:00:00,14.02,14.49,13.85,14.20,425209.92,14.20
2016-04-13 00:00:00,14.20,14.66,14.05,14.40,508908.71,14.40
2016-04-14 00:00:00,14.31,14.39,13.80,14.25,439749.74,14.25
2016-04-15 00:00:00,14.15,14.38,13.75,14.08,568008.85,14.08
2016-04-18 00:00:00,13.80,13.91,13.07,13.39,490342.68,13.39
2016-04-19 00:00:00,13.47,13.52,13.15,13.33,344134.09,13.33
2016-04-20 00:00:00,13.54,13.55,12.00,12.10,590752.84,12.10
2016-04-21 00:00:00,12.14,12.80,12.14,12.22,470236.17,12.22
2016-04-22 00:00:00,12.00,12.59,11.74,12.50,355443.28,12.50
2016-04-25 00:00:00,12.45,12.45,11.70,11.85,506344.77,11.85
2016-04-26 00:00:00,11.94,12.03,11.60,11.99,566788.92,11.99
2016-04-27 00:00:00,12.06,12.42,11.80,12.20,713252.87,12.20
2016-04-28 00:00:00,12.17,12.54,12.07,12.45,709347.32,12.45
2016-05-03 00:00:00,11.83,11.83,11.83,11.83,11528.00,11.83
2016-05-04 00:00:00,11.24,11.24,11.24,11.24,19166.00,11.24
2016-05-05 00:00:00,10.68,10.98,10.68,10.69,1236367.86,10.69
2016-06-06 00:00:00,10.48,10.59,10.16,10.16,621835.19,10.16
2016-06-07 00:00:00,9.99,10.10,9.65,9.65,786218.38,9.65
2016-06-08 00:00:00,9.60,9.83,9.54,9.67,448087.01,9.67
2016-06-13 00:00:00,9.55,9.55,9.19,9.19,387939.56,9.19
2016-06-14 00:00:00,8.99,9.07,8.73,8.80,454554.68,8.80
2016-06-15 00:00:00,8.64,8.98,8.56,8.80,448839.05,8.80
2016-06-16 00:00:00,8.80,9.07,8.67,8.87,366402.37,8.87
2016-06-17 00:00:00,8.85,9.14,8.83,8.92,322774.57,8.92
2016-06-20 00:00:00,8.81,8.81,8.47,8.66,425519.65,8.66
2016-06-21 00:00:00,8.66,8.72,8.52,8.64,250591.38,8.64
2016-06-22 00:00:00,8.59,8.75,8.56,8.70,187340.82,8.70
2016-06-23 00:00:00,8.69,8.81,8.60,8.62,183209.56,8.62
2016-06-24 00:00:00,8.64,8.64,8.19,8.45,309862.32,8.45
2016-06-27 00:00:00,8.31,8.52,8.31,8.48,181501.55,8.48
2016-06-28 00:00:00,8.43,8.90,8.40,8.90,370774.74,8.90
2016-06-29 00:00:00,9.05,9.08,8.83,8.88,348587.14,8.88
2016-06-30 00:00:00,8.82,9.00,8.81,8.86,198494.43,8.86
2016-07-01 00:00:00,8.87,8.99,8.84,8.84,179414.32,8.84
2016-07-04 00:00:00,8.77,8.93,8.73,8.85,171554.87,8.85
2016-07-05 00:00:00,8.85,8.88,8.81,8.83,159415.18,8.83
2016-07-06 00:00:00,8.81,8.82,8.62,8.66,230174.15,8.66
2016-07-07 00:00:00,8.67,8.69,8.49,8.60,195759.18,8.60
2016-07-08 00:00:00,8.60,8.73,8.56,8.68,141974.69,8.68
2016-07-11 00:00:00,8.59,8.86,8.59,8.66,199345.45,8.66
2016-07-12 00:00:00,8.63,9.09,8.40,9.09,482145.51,9.09
2016-07-13 00:00:00,9.18,9.54,9.09,9.36,467595.88,9.36
2016-07-14 00:00:00,9.31,9.50,9.16,9.16,309760.33,9.16
2016-07-15 00:00:00,9.50,9.57,9.28,9.36,304942.51,9.36
2016-07-18 00:00:00,9.20,9.50,9.16,9.38,214531.75,9.38
2016-07-19 00:00:00,9.37,9.38,9.22,9.29,146263.54,9.29
2016-07-20 00:00:00,9.29,9.39,9.25,9.26,118003.75,9.26
2016-07-21 00:00:00,9.22,9.30,9.20,9.21,127885.35,9.21
2016-07-22 00:00:00,9.23,9.34,9.19,9.22,114081.74,9.22
2016-07-25 00:00:00,9.22,9.27,9.12,9.15,121832.07,9.15
2016-07-26 00:00:00,9.11,9.29,9.09,9.26,130133.09,9.26
2016-07-27 00:00:00,9.29,9.33,8.80,8.80,255711.18,8.80
2016-07-28 00:00:00,8.76,8.76,8.47,8.57,187257.27,8.57
2016-07-29 00:00:00,8.51,8.60,8.50,8.53,87793.94,8.53
2016-08-01 00:00:00,8.50,8.58,8.28,8.33,96828.09,8.33
2016-08-02 00:00:00,8.34,8.45,8.33,8.40,58624.67,8.40
2016-08-03 00:00:00,8.38,8.40,8.33,8.37,72518.02,8.37
2016-08-04 00:00:00,8.36,8.75,8.32,8.63,140885.44,8.63
2016-08-05 00:00:00,8.60,8.62,8.40,8.45,123999.02,8.45
2016-08-08 00:00:00,8.45,8.52,8.38,8.48,78408.20,8.48
2016-08-09 00:00:00,8.50,8.73,8.47,8.61,127917.28,8.61
2016-08-10 00:00:00,8.75,8.87,8.65,8.66,141031.04,8.66
2016-08-11 00:00:00,8.60,8.66,8.55,8.55,87389.15,8.55
2016-08-12 00:00:00,8.52,8.61,8.51,8.60,72845.15,8.60
2016-08-15 00:00:00,8.58,8.91,8.56,8.81,182176.64,8.81
2016-08-16 00:00:00,8.82,8.83,8.73,8.76,112125.13,8.76
2016-08-17 00:00:00,8.76,8.87,8.74,8.79,101545.05,8.79
2016-08-18 00:00:00,8.79,9.00,8.76,8.88,157355.29,8.88
2016-08-19 00:00:00,8.88,8.96,8.81,8.87,98038.46,8.87
2016-08-22 00:00:00,8.88,8.94,8.70,8.72,118991.61,8.72
2016-08-23 00:00:00,8.75,8.80,8.61,8.66,95113.77,8.66
2016-08-24 00:00:00,8.65,8.69,8.60,8.67,73744.93,8.67
2016-08-25 00:00:00,8.64,8.64,8.50,8.55,95178.48,8.55
2016-08-26 00:00:00,8.56,8.75,8.54,8.70,106694.86,8.70
2016-08-29 00:00:00,8.70,8.71,8.62,8.65,71837.51,8.65
2016-08-30 00:00:00,8.66,8.72,8.55,8.60,85333.55,8.60
2016-08-31 00:00:00,8.63,8.64,8.52,8.59,67842.59,8.59
2016-09-01 00:00:00,8.59,8.68,8.54,8.56,87261.86,8.56
2016-09-02 00:00:00,8.55,8.57,8.44,8.50,76593.80,8.50
2016-09-05 00:00:00,8.53,8.60,8.49,8.51,68221.81,8.51
2016-09-06 00:00:00,8.51,8.57,8.43,8.56,80820.61,8.56
2016-09-07 00:00:00,8.59,8.90,8.55,8.70,189538.09,8.70
2016-09-08 00:00:00,8.71,8.75,8.64,8.67,91107.55,8.67
2016-09-09 00:00:00,8.67,8.70,8.58,8.58,77064.88,8.58
2016-09-12 00:00:00,8.46,8.46,8.15,8.18,176866.37,8.18
2016-09-13 00:00:00,8.22,8.26,8.16,8.24,86986.83,8.24
2016-09-14 00:00:00,8.18,8.21,8.07,8.16,75543.00,8.16
2016-09-19 00:00:00,8.16,8.22,8.15,8.20,60622.01,8.20
2016-09-20 00:00:00,8.20,8.20,8.13,8.17,51545.46,8.17
2016-09-21 00:00:00,8.17,8.23,8.14,8.18,56394.43,8.18
2016-09-22 00:00:00,8.23,8.24,8.17,8.18,77919.54,8.18
2016-09-23 00:00:00,8.17,8.24,8.17,8.18,69070.00,8.18
2016-09-26 00:00:00,8.16,8.16,7.86,7.89,127095.63,7.89
2016-09-27 00:00:00,7.88,7.91,7.60,7.84,108413.25,7.84
2016-09-28 00:00:00,7.78,7.83,7.70,7.72,77657.92,7.72
2016-09-29 00:00:00,7.73,7.76,7.68,7.68,69313.05,7.68
2016-09-30 00:00:00,7.68,8.06,7.67,8.06,93987.55,8.06
2016-10-10 00:00:00,8.22,8.25,8.04,8.16,158989.37,8.16
2016-10-11 00:00:00,8.14,8.47,8.11,8.28,164303.30,8.28
2016-10-12 00:00:00,8.21,8.32,8.21,8.24,71231.01,8.24
2016-10-13 00:00:00,8.23,8.43,8.22,8.31,100556.24,8.31
2016-10-14 00:00:00,8.31,8.34,8.13,8.21,118437.50,8.21
2016-10-17 00:00:00,7.80,7.94,7.80,7.80,363758.34,7.80
2016-10-18 00:00:00,7.70,7.82,7.66,7.79,155231.46,7.79
2016-10-19 00:00:00,7.80,7.93,7.77,7.80,126055.14,7.80
2016-10-20 00:00:00,7.80,7.84,7.73,7.81,129706.70,7.81
2016-10-21 00:00:00,7.80,7.81,7.67,7.73,113177.64,7.73
2016-10-24 00:00:00,7.35,7.66,7.34,7.64,441589.27,7.64
2016-10-25 00:00:00,7.54,7.55,7.40,7.48,206050.37,7.48
2016-10-26 00:00:00,7.51,7.65,7.49,7.54,154851.02,7.54
2016-10-27 00:00:00,7.53,7.60,7.51,7.56,90503.59,7.56
2016-10-28 00:00:00,7.60,7.65,7.53,7.62,137916.95,7.62
2016-10-31 00:00:00,7.64,7.66,7.49,7.51,108452.00,7.51
2016-11-01 00:00:00,7.52,7.58,7.48,7.56,83701.49,7.56
2016-11-02 00:00:00,7.55,7.56,7.47,7.48,108198.38,7.48
2016-11-03 00:00:00,7.47,7.54,7.45,7.50,92317.47,7.50
2016-11-04 00:00:00,7.50,7.63,7.49,7.58,134156.03,7.58
2016-11-07 00:00:00,7.58,7.96,7.57,7.96,188933.73,7.96
2017-02-08 00:00:00,7.65,7.77,7.56,7.60,321441.71,7.60
2017-02-09 00:00:00,7.54,7.72,7.51,7.61,289244.13,7.61
2017-02-10 00:00:00,7.61,7.63,7.43,7.52,225450.62,7.52
2017-02-13 00:00:00,7.46,7.54,7.45,7.53,94405.24,7.53
2017-02-14 00:00:00,7.49,7.52,7.15,7.23,376632.17,7.23
2017-02-15 00:00:00,7.18,7.20,6.95,7.05,266564.75,7.05
2017-02-16 00:00:00,7.02,7.19,6.97,7.14,161483.54,7.14
2017-02-17 00:00:00,7.12,7.12,7.00,7.03,116513.57,7.03
2017-02-20 00:00:00,7.01,7.07,6.97,7.03,93920.39,7.03
2017-02-21 00:00:00,7.03,7.11,7.00,7.09,92584.49,7.09
2017-02-22 00:00:00,7.10,7.14,7.07,7.11,60630.20,7.11
2017-02-23 00:00:00,7.12,7.15,7.07,7.15,73165.54,7.15
2017-02-24 00:00:00,7.14,7.35,7.12,7.26,115683.40,7.26
2017-02-27 00:00:00,7.25,7.45,7.24,7.34,143395.97,7.34
2017-02-28 00:00:00,7.33,7.39,7.23,7.26,92407.10,7.26
2017-03-01 00:00:00,7.29,7.47,7.23,7.38,162577.03,7.38
2017-03-02 00:00:00,7.37,7.48,7.36,7.39,123609.52,7.39
2017-03-03 00:00:00,7.38,7.54,7.36,7.47,126309.88,7.47
2017-03-06 00:00:00,7.52,7.84,7.48,7.84,281088.24,7.84
2017-03-07 00:00:00,7.91,8.03,7.75,7.87,231845.50,7.87
2017-03-08 00:00:00,7.80,7.84,7.71,7.74,147600.98,7.74
2017-03-09 00:00:00,7.77,7.89,7.71,7.87,162684.61,7.87
2017-03-10 00:00:00,7.87,7.87,7.51,7.58,247559.00,7.58
2017-03-13 00:00:00,7.50,7.83,7.45,7.72,240104.97,7.72
2017-03-14 00:00:00,8.00,8.11,7.90,8.11,161329.79,8.11
2017-03-15 00:00:00,8.38,8.52,8.20,8.24,645334.09,8.24
2017-03-16 00:00:00,8.20,8.65,8.12,8.65,535983.58,8.65
2017-03-17 00:00:00,8.50,8.61,8.25,8.29,529082.43,8.29
2017-03-20 00:00:00,8.18,8.35,8.11,8.27,279408.04,8.27
2017-03-21 00:00:00,8.22,8.29,8.06,8.08,189910.55,8.08
2017-03-22 00:00:00,8.08,8.48,7.98,8.38,330638.53,8.38
2017-03-23 00:00:00,8.35,8.45,8.11,8.28,188410.97,8.28
2017-03-24 00:00:00,8.23,8.31,7.87,7.90,407488.62,7.90
2017-03-27 00:00:00,8.07,8.28,7.94,8.18,253387.70,8.18
2017-03-28 00:00:00,8.09,8.18,8.00,8.03,141488.67,8.03
2017-03-30 00:00:00,8.30,8.83,8.30,8.83,1002737.15,8.83
2017-03-31 00:00:00,8.83,8.97,8.10,8.29,951149.56,8.29
2017-04-05 00:00:00,8.09,8.27,7.90,8.14,401742.84,8.14
2017-04-06 00:00:00,8.03,8.13,7.93,7.99,346832.66,7.99
2017-04-07 00:00:00,7.90,7.99,7.64,7.65,392821.96,7.65
2017-04-10 00:00:00,7.71,7.87,7.52,7.57,245906.59,7.57
2017-04-11 00:00:00,7.45,7.50,7.25,7.43,280040.07,7.43
2017-04-12 00:00:00,7.39,7.55,7.26,7.42,209704.02,7.42
2017-04-13 00:00:00,7.34,7.45,7.30,7.34,144956.00,7.34
2017-04-14 00:00:00,7.20,7.28,7.05,7.05,244282.97,7.05
2017-04-17 00:00:00,7.02,7.02,6.71,6.77,151402.71,6.77
2017-04-18 00:00:00,6.82,7.02,6.77,6.86,163541.48,6.86
2017-04-19 00:00:00,6.80,6.87,6.67,6.79,116955.05,6.79
2017-04-20 00:00:00,6.75,6.77,6.23,6.47,228882.34,6.47
2017-04-21 00:00:00,6.43,6.52,6.31,6.35,111035.14,6.35
2017-04-24 00:00:00,6.32,6.33,5.83,5.88,174515.44,5.88
2017-04-25 00:00:00,5.91,5.96,5.79,5.83,113859.98,5.83
2017-04-26 00:00:00,5.84,5.94,5.71,5.89,119763.09,5.89
2017-04-27 00:00:00,5.85,6.04,5.63,5.98,162594.42,5.98
2017-04-28 00:00:00,5.90,5.97,5.87,5.92,86143.62,5.92
2017-05-02 00:00:00,5.93,6.19,5.93,6.05,157196.22,6.05
2017-05-03 00:00:00,6.02,6.05,5.97,6.02,75243.01,6.02
2017-05-04 00:00:00,6.03,6.45,5.94,6.15,162281.91,6.15
2017-05-05 00:00:00,6.08,6.20,6.00,6.01,99653.15,6.01
2017-05-08 00:00:00,5.99,6.00,5.71,5.73,101374.88,5.73
2017-05-09 00:00:00,5.65,5.78,5.65,5.77,67433.26,5.77
2017-05-10 00:00:00,5.77,5.99,5.74,5.74,107891.00,5.74
2017-05-11 00:00:00,5.68,5.71,5.34,5.58,131298.19,5.58
2017-05-12 00:00:00,5.57,5.64,5.45,5.56,73448.19,5.56
2017-05-15 00:00:00,5.54,5.59,5.45,5.46,85290.55,5.46
2017-05-16 00:00:00,5.47,5.65,5.30,5.58,141766.63,5.58
2017-05-17 00:00:00,5.55,5.69,5.54,5.58,96359.50,5.58
2017-05-18 00:00:00,5.50,5.58,5.46,5.51,89121.37,5.51
2017-05-19 00:00:00,5.56,5.68,5.54,5.59,99700.11,5.59
2017-05-22 00:00:00,5.58,5.59,5.25,5.28,109919.13,5.28
2017-05-23 00:00:00,5.26,5.28,4.91,4.92,156629.65,4.92
2017-05-24 00:00:00,4.86,4.95,4.62,4.89,116448.00,4.89
2017-05-25 00:00:00,4.86,4.92,4.71,4.88,98174.52,4.88
2017-05-26 00:00:00,4.88,4.93,4.85,4.88,69215.76,4.88
2017-05-31 00:00:00,4.92,4.95,4.87,4.88,75840.76,4.88
2017-06-01 00:00:00,4.86,4.86,4.42,4.48,117531.63,4.48
2017-06-02 00:00:00,4.47,4.68,4.42,4.59,109841.00,4.59
2017-06-05 00:00:00,4.61,4.78,4.60,4.70,99752.98,4.70
2017-06-06 00:00:00,4.73,5.17,4.68,5.17,138950.79,5.17
2017-06-07 00:00:00,5.17,5.49,5.10,5.35,400268.04,5.35
2017-06-08 00:00:00,5.30,5.34,5.16,5.20,221116.02,5.20
2017-06-09 00:00:00,5.15,5.19,5.03,5.07,165019.16,5.07
2017-06-12 00:00:00,5.05,5.08,4.83,4.87,152404.58,4.87
2017-06-13 00:00:00,4.76,5.03,4.73,4.98,164529.90,4.98
2017-06-14 00:00:00,4.96,4.99,4.89,4.95,123902.89,4.95
2017-06-15 00:00:00,4.95,5.16,4.89,5.09,205668.57,5.09
2017-06-16 00:00:00,5.05,5.08,4.98,5.03,131211.50,5.03
2017-06-19 00:00:00,5.00,5.10,5.00,5.07,111067.34,5.07
2017-06-20 00:00:00,5.07,5.18,5.04,5.06,130656.01,5.06
2017-06-21 00:00:00,5.08,5.14,5.03,5.07,116237.21,5.07
2017-06-22 00:00:00,5.06,5.10,4.78,4.80,161202.00,4.80
2017-06-23 00:00:00,4.81,4.89,4.66,4.81,139184.51,4.81
2017-06-26 00:00:00,4.78,4.87,4.76,4.85,92638.57,4.85
2017-06-27 00:00:00,4.87,5.34,4.85,5.34,420101.92,5.34
2017-06-28 00:00:00,5.38,5.57,5.35,5.39,660135.95,5.39
2017-06-29 00:00:00,5.39,5.45,5.26,5.28,327655.57,5.28
2017-06-30 00:00:00,5.29,5.38,5.21,5.22,218054.00,5.22
2017-07-03 00:00:00,5.20,5.25,5.14,5.25,156828.06,5.25
2017-07-04 00:00:00,5.23,5.49,5.18,5.38,271964.03,5.38
2017-07-05 00:00:00,5.33,5.38,5.26,5.35,186664.00,5.35
2017-07-06 00:00:00,5.36,5.45,5.26,5.38,200463.63,5.38
2017-07-07 00:00:00,5.35,5.88,5.31,5.58,403826.47,5.58
2017-07-10 00:00:00,5.48,5.52,5.38,5.45,262410.90,5.45
2017-07-11 00:00:00,5.44,5.48,5.25,5.26,157395.41,5.26
2017-07-12 00:00:00,5.26,5.40,5.21,5.40,151110.00,5.40
2017-07-13 00:00:00,5.31,5.47,5.24,5.35,195274.03,5.35
2017-07-14 00:00:00,5.31,5.34,5.17,5.18,137081.00,5.18
2017-07-17 00:00:00,5.14,5.14,4.70,4.73,220540.00,4.73
2017-07-18 00:00:00,4.66,4.85,4.66,4.85,114541.70,4.85
2017-07-19 00:00:00,4.83,4.97,4.80,4.96,115531.01,4.96
2017-07-20 00:00:00,4.93,5.05,4.93,4.94,120626.00,4.94
2017-07-21 00:00:00,4.93,5.04,4.90,4.92,86299.00,4.92
2017-07-24 00:00:00,4.91,5.02,4.85,4.98,95017.00,4.98
2017-07-25 00:00:00,4.96,5.00,4.92,4.92,71106.03,4.92
2017-07-26 00:00:00,4.90,4.96,4.82,4.87,96114.75,4.87
2017-07-27 00:00:00,4.88,5.05,4.79,5.00,147705.31,5.00
2017-07-28 00:00:00,5.00,5.03,4.92,4.95,81669.01,4.95
2017-07-31 00:00:00,4.92,5.45,4.90,5.45,295536.74,5.45
2017-08-01 00:00:00,5.42,5.64,5.35,5.38,490813.97,5.38
2017-08-02 00:00:00,5.24,5.64,5.23,5.53,391099.19,5.53
2017-08-03 00:00:00,5.45,5.55,5.38,5.48,200842.80,5.48
2017-08-04 00:00:00,5.42,5.46,5.29,5.29,158932.95,5.29
2017-08-07 00:00:00,5.30,5.75,5.27,5.56,338805.10,5.56
2017-08-08 00:00:00,5.52,5.64,5.46,5.54,224220.64,5.54
2017-08-09 00:00:00,5.50,5.81,5.43,5.64,334902.66,5.64
2017-08-10 00:00:00,5.58,6.14,5.56,5.91,599378.02,5.91
2017-08-11 00:00:00,5.85,6.29,5.77,6.11,581812.24,6.11
2017-08-14 00:00:00,6.00,6.09,5.90,6.08,408339.56,6.08
2017-08-15 00:00:00,6.03,6.06,5.85,5.87,323824.10,5.87
2017-08-16 00:00:00,5.85,5.94,5.76,5.91,209967.09,5.91
2017-08-17 00:00:00,6.00,6.20,5.96,5.97,358460.02,5.97
2017-08-18 00:00:00,6.00,6.00,5.71,5.75,257390.72,5.75
2017-08-21 00:00:00,5.69,5.82,5.65,5.80,126417.32,5.80
2017-08-22 00:00:00,5.79,5.82,5.69,5.70,132793.00,5.70
2017-08-23 00:00:00,5.66,5.83,5.50,5.75,159593.80,5.75
2017-08-24 00:00:00,5.72,5.75,5.55,5.56,175395.78,5.56
2017-08-25 00:00:00,5.59,5.74,5.55,5.67,111009.00,5.67
2017-08-28 00:00:00,5.68,5.78,5.67,5.73,126231.65,5.73
2017-08-29 00:00:00,5.69,5.77,5.59,5.61,130002.09,5.61
2017-08-30 00:00:00,5.61,5.74,5.58,5.71,133407.97,5.71
2017-08-31 00:00:00,5.68,5.88,5.67,5.85,202675.14,5.85
2017-09-01 00:00:00,5.86,5.97,5.77,5.85,124375.03,5.85
2017-09-04 00:00:00,5.80,5.84,5.68,5.74,187840.12,5.74
2017-09-05 00:00:00,5.75,6.31,5.66,6.31,280675.57,6.31
2017-09-06 00:00:00,6.49,6.94,6.40,6.94,1292909.37,6.94
2017-09-07 00:00:00,6.95,6.95,6.67,6.72,972100.69,6.72
2017-09-08 00:00:00,6.69,6.70,6.44,6.52,536134.34,6.52
2017-09-11 00:00:00,6.50,6.63,6.39,6.53,369064.75,6.53
2017-09-12 00:00:00,6.36,7.18,6.25,7.18,1072331.31,7.18
2017-09-13 00:00:00,7.00,7.46,6.90,7.18,1133422.19,7.18
2017-09-14 00:00:00,7.10,7.46,7.01,7.21,772608.93,7.21
2017-09-15 00:00:00,7.11,7.56,7.08,7.32,675238.84,7.32
2017-09-18 00:00:00,7.25,7.90,7.22,7.72,907821.46,7.72
2017-09-19 00:00:00,7.50,7.85,7.32,7.37,747579.78,7.37
2017-09-20 00:00:00,7.30,7.84,7.16,7.65,830678.35,7.65
2017-09-21 00:00:00,7.70,7.87,7.37,7.38,685036.88,7.38
2017-09-22 00:00:00,7.20,7.28,6.80,7.06,488699.70,7.06
2017-09-25 00:00:00,7.15,7.25,6.80,6.84,329766.08,6.84
2017-09-26 00:00:00,6.87,6.99,6.70,6.99,321350.28,6.99
2017-09-27 00:00:00,6.94,7.23,6.91,7.12,321428.53,7.12
2017-09-28 00:00:00,7.08,7.45,7.05,7.22,440200.25,7.22
2017-09-29 00:00:00,7.14,7.68,7.10,7.50,568744.37,7.50
2017-10-09 00:00:00,7.56,8.20,7.44,7.90,872345.62,7.90
2017-10-10 00:00:00,7.83,7.92,7.66,7.78,513461.41,7.78
2017-10-11 00:00:00,7.68,7.72,7.31,7.40,468708.73,7.40
2017-10-12 00:00:00,7.25,7.25,7.01,7.10,476302.28,7.10
2017-10-13 00:00:00,7.09,7.23,6.91,7.14,285931.90,7.14
2017-10-16 00:00:00,7.01,7.19,6.66,6.70,335296.44,6.70
2017-10-17 00:00:00,6.72,6.77,6.50,6.72,213585.41,6.72
2017-10-18 00:00:00,6.66,6.94,6.65,6.70,235197.67,6.70
2017-10-19 00:00:00,6.65,6.78,6.32,6.37,264453.24,6.37
2017-10-20 00:00:00,6.42,6.54,6.34,6.50,146687.01,6.50
2017-10-23 00:00:00,6.53,6.63,6.50,6.51,134390.07,6.51
2017-10-24 00:00:00,6.46,6.54,6.37,6.49,132309.42,6.49
2017-10-25 00:00:00,6.47,6.65,6.46,6.57,143621.01,6.57
2017-10-26 00:00:00,6.56,6.83,6.53,6.76,204778.01,6.76
2017-10-27 00:00:00,6.74,6.75,6.56,6.57,162260.01,6.57
2017-10-30 00:00:00,6.51,6.63,6.10,6.12,228378.86,6.12
2017-10-31 00:00:00,6.05,6.22,6.05,6.15,121926.66,6.15
2017-11-01 00:00:00,6.15,6.54,6.08,6.41,253004.39,6.41
2017-11-02 00:00:00,6.36,6.52,6.28,6.28,166088.09,6.28
2017-11-03 00:00:00,6.26,6.67,6.25,6.48,299050.52,6.48
2017-11-06 00:00:00,6.50,7.10,6.50,6.89,465337.05,6.89
2017-11-07 00:00:00,6.80,7.00,6.70,6.99,354767.63,6.99
2017-11-08 00:00:00,6.90,6.93,6.77,6.78,263017.48,6.78
2017-11-09 00:00:00,6.72,7.10,6.61,7.10,488623.96,7.10
2017-11-10 00:00:00,7.01,7.49,6.97,7.11,576474.14,7.11
2017-11-13 00:00:00,6.98,7.25,6.81,7.19,508040.14,7.19
2017-11-14 00:00:00,7.09,7.13,6.85,6.94,374519.08,6.94
2017-11-15 00:00:00,6.83,7.02,6.72,6.72,238980.08,6.72
2017-11-16 00:00:00,6.71,6.88,6.67,6.82,227761.59,6.82
2017-11-17 00:00:00,6.80,6.85,6.14,6.23,397599.51,6.23
2017-11-20 00:00:00,6.16,6.40,5.88,6.33,210071.09,6.33
2017-11-21 00:00:00,6.29,6.44,6.20,6.24,157543.00,6.24
2017-11-22 00:00:00,6.23,6.63,6.18,6.46,339665.66,6.46
2017-11-23 00:00:00,6.39,6.56,6.26,6.33,260353.88,6.33
2017-11-24 00:00:00,6.20,6.43,6.10,6.11,224428.62,6.11
2017-11-27 00:00:00,6.00,6.02,5.50,5.50,342256.53,5.50
2017-11-28 00:00:00,5.47,5.71,5.46,5.69,188171.09,5.69
2017-11-29 00:00:00,5.68,5.69,5.50,5.58,170895.79,5.58
2017-11-30 00:00:00,5.56,6.14,5.56,6.14,449204.61,6.14
2017-12-01 00:00:00,6.12,6.66,6.06,6.35,742896.65,6.35
2017-12-04 00:00:00,6.27,6.44,6.13,6.28,418949.20,6.28
2017-12-05 00:00:00,6.28,6.35,5.81,6.00,374915.04,6.00
2017-12-06 00:00:00,5.98,6.60,5.92,6.60,308672.34,6.60
2017-12-07 00:00:00,7.11,7.25,6.89,7.12,1246655.08,7.12
2017-12-08 00:00:00,7.08,7.80,6.97,7.45,1269170.57,7.45
2017-12-11 00:00:00,7.17,7.70,7.17,7.43,960908.33,7.43
2017-12-12 00:00:00,7.35,7.61,7.22,7.45,805453.50,7.45
2017-12-13 00:00:00,7.44,7.78,7.33,7.67,905332.23,7.67
2017-12-14 00:00:00,7.56,7.66,7.31,7.54,758818.29,7.54
2017-12-15 00:00:00,7.50,7.68,7.26,7.33,712363.79,7.33
2017-12-18 00:00:00,7.32,7.33,6.76,6.88,699594.10,6.88
2017-12-19 00:00:00,6.95,7.12,6.86,7.02,553487.76,7.02
2017-12-20 00:00:00,6.94,7.45,6.81,7.18,846589.47,7.18
2017-12-21 00:00:00,7.15,7.58,7.01,7.37,828899.99,7.37
2017-12-22 00:00:00,7.28,7.42,7.15,7.15,525185.00,7.15
2017-12-25 00:00:00,7.12,7.29,6.91,7.04,398087.31,7.04
2017-12-26 00:00:00,6.99,7.10,6.52,6.89,529939.23,6.89
2017-12-27 00:00:00,6.86,6.98,6.71,6.73,376666.16,6.73
2017-12-28 00:00:00,6.71,6.83,6.51,6.60,365848.10,6.60
2017-12-29 00:00:00,6.66,6.98,6.62,6.90,501016.64,6.90
2018-01-02 00:00:00,6.90,6.94,6.71,6.92,361219.11,6.92
2018-01-03 00:00:00,6.94,7.11,6.88,6.93,399949.49,6.93
2018-01-04 00:00:00,6.86,7.36,6.82,7.23,734388.34,7.23
2018-01-05 00:00:00,7.10,7.18,7.02,7.07,406602.25,7.07
2018-01-08 00:00:00,7.05,7.12,6.87,7.06,349067.43,7.06
2018-01-09 00:00:00,7.00,7.00,6.80,6.82,367916.65,6.82
2018-01-10 00:00:00,6.72,6.87,6.58,6.68,311441.10,6.68
2018-01-11 00:00:00,6.62,6.80,6.50,6.74,253194.10,6.74
2018-01-12 00:00:00,6.68,6.78,6.57,6.59,195924.75,6.59
2018-01-15 00:00:00,6.51,6.56,6.03,6.17,362659.25,6.17
2018-01-16 00:00:00,6.10,6.23,6.03,6.12,204990.00,6.12
2018-01-17 00:00:00,6.12,6.31,5.88,6.23,289915.75,6.23
2018-01-18 00:00:00,6.17,6.20,6.10,6.11,141697.00,6.11
2018-01-19 00:00:00,6.14,6.25,6.07,6.13,148903.73,6.13
2018-01-22 00:00:00,6.09,6.20,5.98,6.13,143811.92,6.13
2018-01-23 00:00:00,6.11,6.18,6.07,6.11,106711.34,6.11
2018-01-24 00:00:00,6.00,6.25,5.90,6.18,281110.47,6.18
2018-01-25 00:00:00,6.11,6.18,6.05,6.05,182787.07,6.05
2018-01-26 00:00:00,6.00,6.09,5.95,5.96,128638.03,5.96
2018-01-29 00:00:00,5.99,6.04,5.83,5.85,129795.00,5.85
2018-01-30 00:00:00,5.84,5.90,5.81,5.82,82247.01,5.82
2018-01-31 00:00:00,5.36,5.46,5.24,5.24,297874.99,5.24
2018-02-01 00:00:00,5.12,5.12,4.72,4.72,316558.40,4.72
2018-02-02 00:00:00,4.40,4.55,4.25,4.45,263015.52,4.45
2018-02-05 00:00:00,4.33,4.54,4.28,4.46,132878.40,4.46
2018-02-06 00:00:00,4.38,4.42,4.01,4.02,182176.00,4.02
2018-02-07 00:00:00,4.14,4.42,4.01,4.42,184251.13,4.42
2018-02-08 00:00:00,4.54,4.86,4.54,4.86,416690.18,4.86
2018-02-09 00:00:00,4.45,5.13,4.45,4.83,565564.74,4.83
2018-02-12 00:00:00,4.79,5.12,4.79,4.92,373624.42,4.92
2018-02-13 00:00:00,4.85,4.90,4.66,4.67,268103.01,4.67
2018-02-14 00:00:00,4.67,4.87,4.67,4.71,138724.00,4.71
2018-02-22 00:00:00,4.28,4.89,4.28,4.74,292762.28,4.74
2018-02-23 00:00:00,4.63,4.72,4.55,4.63,216062.01,4.63
2018-02-26 00:00:00,4.74,5.09,4.64,5.09,414971.52,5.09
2018-02-27 00:00:00,5.16,5.39,5.16,5.19,505665.85,5.19
2018-02-28 00:00:00,5.10,5.30,4.93,5.12,340087.14,5.12
2018-03-01 00:00:00,5.17,5.63,5.17,5.62,605688.31,5.62
2018-03-02 00:00:00,5.44,5.58,5.35,5.46,485831.02,5.46
2018-03-05 00:00:00,5.40,5.89,5.32,5.67,428451.81,5.67
2018-03-06 00:00:00,5.56,5.80,5.52,5.63,399464.82,5.63
2018-03-07 00:00:00,5.55,5.75,5.55,5.62,319065.01,5.62
2018-03-08 00:00:00,5.58,5.62,5.41,5.55,291404.96,5.55
2018-03-09 00:00:00,5.48,5.74,5.45,5.58,343913.53,5.58
2018-03-12 00:00:00,5.51,5.73,5.47,5.66,362025.76,5.66
2018-03-13 00:00:00,5.58,6.23,5.50,5.76,523286.73,5.76
2018-03-14 00:00:00,5.66,5.76,5.48,5.53,333717.64,5.53
2018-03-15 00:00:00,5.50,5.58,5.34,5.45,235739.63,5.45
2018-03-16 00:00:00,5.40,5.49,5.35,5.35,177966.31,5.35
2018-03-19 00:00:00,5.30,5.47,5.25,5.36,168891.30,5.36
2018-03-20 00:00:00,5.30,5.35,5.13,5.22,189938.10,5.22
2018-03-21 00:00:00,5.28,5.43,5.25,5.27,205131.03,5.27
2018-03-22 00:00:00,5.25,5.45,5.22,5.35,198045.03,5.35
2018-03-23 00:00:00,5.16,5.18,4.82,4.82,287742.00,4.82
2018-03-26 00:00:00,4.75,5.30,4.69,5.30,361572.00,5.30
2018-03-27 00:00:00,5.40,5.60,5.35,5.44,466467.52,5.44
2018-03-28 00:00:00,5.31,5.53,5.26,5.38,303942.40,5.38
2018-03-29 00:00:00,5.42,5.52,5.32,5.46,218333.81,5.46
2018-03-30 00:00:00,5.51,6.01,5.45,6.01,694524.45,6.01
2018-04-02 00:00:00,6.08,6.59,6.01,6.20,1035749.79,6.20
2018-04-03 00:00:00,6.02,6.04,5.85,5.98,591188.96,5.98
2018-04-04 00:00:00,5.94,6.25,5.80,6.12,700496.24,6.12
2018-04-09 00:00:00,6.03,6.35,5.88,6.27,654096.16,6.27
2018-04-10 00:00:00,6.24,6.24,5.92,5.98,503216.43,5.98
2018-04-11 00:00:00,5.93,6.04,5.77,5.83,349480.10,5.83
2018-04-12 00:00:00,5.84,5.95,5.76,5.76,248908.00,5.76
2018-04-13 00:00:00,5.81,6.03,5.70,5.95,362046.94,5.95
2018-04-16 00:00:00,5.80,6.01,5.75,5.89,316472.93,5.89
2018-04-17 00:00:00,5.89,6.38,5.87,6.11,651114.45,6.11
2018-04-18 00:00:00,6.29,6.72,6.14,6.72,1129216.65,6.72
2018-04-19 00:00:00,6.80,6.80,6.43,6.46,1104349.68,6.46
2018-04-20 00:00:00,6.45,6.98,6.37,6.74,1159604.79,6.74
2018-04-23 00:00:00,6.58,6.85,6.23,6.49,791114.34,6.49
2018-04-24 00:00:00,6.29,6.77,6.23,6.63,722561.42,6.63
2018-04-25 00:00:00,6.45,6.74,6.40,6.47,557604.58,6.47
2018-04-26 00:00:00,6.50,6.82,6.47,6.59,692433.43,6.59
2018-04-27 00:00:00,6.65,6.75,6.25,6.32,504007.85,6.32
2018-05-02 00:00:00,6.28,6.38,6.00,6.08,376889.01,6.08
2018-05-03 00:00:00,6.06,6.21,5.70,6.18,452477.78,6.18
2018-05-04 00:00:00,6.12,6.80,6.03,6.58,1042050.50,6.58
2018-05-07 00:00:00,6.43,6.64,6.33,6.64,792640.50,6.64
2018-05-08 00:00:00,6.58,6.61,6.41,6.53,494387.28,6.53
2018-05-09 00:00:00,6.53,7.10,6.50,6.77,983884.21,6.77
2018-05-10 00:00:00,6.50,6.64,6.41,6.57,745689.58,6.57
2018-05-11 00:00:00,6.50,6.56,6.38,6.39,388986.66,6.39
2018-05-14 00:00:00,6.28,6.49,6.21,6.29,327841.75,6.29
2018-05-15 00:00:00,6.20,6.37,6.20,6.36,301791.25,6.36
2018-05-16 00:00:00,6.32,6.44,6.28,6.31,277921.09,6.31
2018-05-17 00:00:00,6.23,6.38,6.11,6.11,320586.97,6.11
2018-05-18 00:00:00,6.10,6.16,5.92,6.15,307982.14,6.15
2018-05-21 00:00:00,6.17,6.33,6.12,6.29,324610.08,6.29
2018-05-22 00:00:00,6.31,6.36,6.18,6.27,253520.34,6.27
2018-05-23 00:00:00,6.27,6.75,6.15,6.38,595841.51,6.38
2018-05-24 00:00:00,6.27,6.40,6.20,6.21,341164.79,6.21
2018-05-25 00:00:00,6.22,6.25,6.05,6.07,255484.24,6.07
2018-05-28 00:00:00,6.01,6.06,5.61,5.81,278932.72,5.81
2018-05-29 00:00:00,5.83,5.97,5.76,5.80,182479.48,5.80
2018-05-30 00:00:00,5.70,6.12,5.66,5.82,339080.94,5.82
2018-05-31 00:00:00,5.78,5.89,5.62,5.81,235129.72,5.81
2018-06-01 00:00:00,5.77,5.80,5.42,5.50,252839.73,5.50
2018-06-04 00:00:00,5.50,5.65,5.41,5.53,184420.01,5.53
2018-06-05 00:00:00,5.54,5.64,5.53,5.62,154528.01,5.62
2018-06-06 00:00:00,5.57,5.61,5.53,5.56,137551.66,5.56
2018-06-07 00:00:00,5.56,5.60,5.41,5.42,166890.69,5.42
2018-06-08 00:00:00,5.40,5.44,5.23,5.33,174312.84,5.33
2018-06-11 00:00:00,5.17,5.23,4.82,4.92,371089.68,4.92
2018-06-12 00:00:00,4.93,4.97,4.52,4.93,307606.13,4.93
2018-06-13 00:00:00,4.89,5.20,4.78,4.99,304091.57,4.99
2018-06-14 00:00:00,4.90,5.13,4.83,5.01,222732.00,5.01
2018-06-15 00:00:00,5.02,5.30,4.88,5.17,357728.71,5.17
2018-06-19 00:00:00,5.06,5.30,4.69,5.05,428397.00,5.05
2018-06-20 00:00:00,4.98,5.20,4.90,5.12,292080.39,5.12
2018-06-21 00:00:00,5.08,5.15,4.81,4.82,265026.50,4.82
2018-06-22 00:00:00,4.74,4.93,4.60,4.87,174747.95,4.87
2018-06-25 00:00:00,4.94,4.98,4.81,4.83,129269.39,4.83
2018-06-26 00:00:00,4.75,5.12,4.70,5.08,325769.43,5.08
2018-06-27 00:00:00,5.07,5.14,4.97,5.03,240651.01,5.03
2018-06-28 00:00:00,5.04,5.11,4.94,4.94,191453.99,4.94
2018-06-29 00:00:00,4.92,5.43,4.92,5.43,634293.46,5.43
2018-07-02 00:00:00,5.37,5.45,5.21,5.27,487078.09,5.27
2018-07-03 00:00:00,5.24,5.59,5.18,5.50,560670.62,5.50
2018-07-04 00:00:00,5.42,5.46,5.30,5.37,311486.02,5.37
2018-07-05 00:00:00,5.31,5.47,5.22,5.24,257814.03,5.24
2018-07-06 00:00:00,5.21,5.45,5.18,5.31,353752.86,5.31
2018-07-09 00:00:00,4.90,4.91,4.78,4.78,188408.00,4.78
2018-07-10 00:00:00,4.30,4.30,4.30,4.30,177022.00,4.30
2018-07-11 00:00:00,3.91,4.56,3.91,4.37,619096.83,4.37
2018-07-12 00:00:00,4.19,4.45,4.17,4.34,507977.92,4.34
2018-07-13 00:00:00,4.33,4.37,4.23,4.24,276525.10,4.24
2018-07-16 00:00:00,4.15,4.29,4.15,4.22,187492.33,4.22
2018-07-17 00:00:00,4.23,4.34,4.20,4.27,186202.10,4.27
2018-07-18 00:00:00,4.26,4.35,4.18,4.19,166907.00,4.19
2018-07-19 00:00:00,4.20,4.22,4.01,4.03,201603.79,4.03
2018-07-20 00:00:00,4.02,4.08,3.94,4.06,177353.20,4.06
2018-07-23 00:00:00,4.06,4.47,4.03,4.41,634105.50,4.41
2018-07-24 00:00:00,4.22,4.42,4.22,4.35,511124.48,4.35
2018-07-25 00:00:00,4.32,4.68,4.30,4.43,531191.41,4.43
2018-07-26 00:00:00,4.49,4.52,4.37,4.43,288501.90,4.43
2018-07-27 00:00:00,4.39,4.47,4.32,4.33,219905.00,4.33
2018-07-30 00:00:00,4.36,4.40,4.28,4.30,148313.00,4.30
2018-07-31 00:00:00,4.32,4.37,4.27,4.32,109781.40,4.32
2018-08-01 00:00:00,4.31,4.41,4.28,4.29,163623.89,4.29
2018-08-02 00:00:00,4.22,4.22,4.01,4.10,199056.91,4.10
2018-08-03 00:00:00,4.09,4.13,4.02,4.02,105972.00,4.02
2018-08-06 00:00:00,4.01,4.07,3.90,3.94,106143.86,3.94
2018-08-07 00:00:00,3.93,4.03,3.93,4.03,116972.00,4.03
2018-08-08 00:00:00,4.03,4.14,4.00,4.02,146898.90,4.02
2018-08-09 00:00:00,3.81,4.13,3.80,4.05,302608.80,4.05
2018-08-10 00:00:00,4.01,4.08,3.98,4.02,174098.00,4.02
2018-08-13 00:00:00,3.95,4.42,3.91,4.23,312839.16,4.23
2018-08-14 00:00:00,4.18,4.22,4.12,4.14,189718.56,4.14
2018-08-15 00:00:00,4.14,4.21,4.11,4.11,161029.56,4.11
2018-08-16 00:00:00,4.02,4.18,3.95,4.01,141523.30,4.01
2018-08-17 00:00:00,4.01,4.10,3.95,3.96,115393.00,3.96
2018-08-20 00:00:00,3.98,4.09,3.92,4.06,114644.00,4.06
2018-08-21 00:00:00,4.06,4.13,4.00,4.07,142795.00,4.07
2018-08-22 00:00:00,4.05,4.06,3.96,3.96,95789.00,3.96
2018-08-23 00:00:00,3.97,4.10,3.97,4.01,117197.00,4.01
2018-08-24 00:00:00,3.98,4.00,3.94,3.96,100828.01,3.96
2018-08-27 00:00:00,3.96,4.04,3.96,4.02,95810.01,4.02
2018-08-28 00:00:00,4.03,4.10,4.00,4.03,99095.00,4.03
2018-08-29 00:00:00,4.03,4.04,3.96,3.97,78985.00,3.97
2018-08-30 00:00:00,3.96,3.99,3.90,3.90,79417.30,3.90
2018-08-31 00:00:00,3.88,3.92,3.82,3.87,73645.00,3.87
2018-09-03 00:00:00,3.87,3.92,3.82,3.92,64522.00,3.92
2018-09-04 00:00:00,3.89,4.20,3.89,4.03,180295.71,4.03
2018-09-05 00:00:00,3.99,4.02,3.93,3.94,127518.70,3.94
2018-09-06 00:00:00,3.94,4.05,3.91,3.96,106837.55,3.96
2018-09-07 00:00:00,3.96,4.00,3.86,3.91,111058.00,3.91
2018-09-10 00:00:00,3.87,3.91,3.82,3.83,94088.98,3.83
2018-09-11 00:00:00,3.84,3.89,3.80,3.84,76329.98,3.84
2018-09-12 00:00:00,3.82,3.86,3.81,3.83,54473.00,3.83
2018-09-13 00:00:00,3.84,3.88,3.82,3.85,68108.00,3.85
2018-09-14 00:00:00,3.85,3.86,3.71,3.71,102108.00,3.71
2018-09-17 00:00:00,3.71,3.72,3.51,3.54,98499.21,3.54
2018-09-18 00:00:00,3.56,3.80,3.51,3.67,134036.66,3.67
2018-09-19 00:00:00,3.63,3.83,3.62,3.73,166300.78,3.73
2018-09-20 00:00:00,3.72,3.78,3.68,3.70,96937.66,3.70
2018-09-21 00:00:00,3.73,3.74,3.67,3.71,81347.00,3.71
2018-09-25 00:00:00,3.68,3.80,3.67,3.70,99023.00,3.70
2018-09-26 00:00:00,3.70,3.76,3.65,3.70,88333.00,3.70
2018-09-27 00:00:00,3.70,3.70,3.56,3.56,119406.36,3.56
2018-09-28 00:00:00,3.55,3.60,3.54,3.57,65844.00,3.57
2018-10-08 00:00:00,3.39,3.49,3.33,3.36,88171.00,3.36
2018-10-09 00:00:00,3.36,3.43,3.36,3.37,58733.00,3.37
2018-10-10 00:00:00,3.41,3.50,3.32,3.42,95373.01,3.42
2018-10-11 00:00:00,3.29,3.31,3.08,3.08,146064.00,3.08
2018-10-12 00:00:00,2.99,3.06,2.80,2.92,147129.99,2.92
2018-10-15 00:00:00,2.91,2.99,2.84,2.85,72654.29,2.85
2018-10-16 00:00:00,2.88,2.92,2.75,2.79,90217.29,2.79
2018-10-17 00:00:00,2.82,3.07,2.76,3.07,193505.93,3.07
2018-10-18 00:00:00,3.12,3.26,2.97,3.00,430067.63,3.00
2018-10-19 00:00:00,2.90,3.07,2.81,3.05,274568.25,3.05
2018-10-22 00:00:00,3.03,3.25,3.02,3.17,334248.24,3.17
2018-10-23 00:00:00,3.15,3.18,3.05,3.06,186877.00,3.06
2018-10-24 00:00:00,3.03,3.13,3.01,3.05,123369.00,3.05
2018-10-25 00:00:00,2.84,3.07,2.84,3.06,141908.00,3.06
2018-10-26 00:00:00,3.08,3.17,3.06,3.07,140136.00,3.07
2018-10-29 00:00:00,3.02,3.15,3.01,3.05,109289.00,3.05
2018-10-30 00:00:00,3.03,3.09,2.94,3.04,119289.34,3.04
2018-10-31 00:00:00,3.08,3.34,3.05,3.34,306432.41,3.34
2018-11-01 00:00:00,3.60,3.60,3.31,3.31,613156.63,3.31
2018-11-02 00:00:00,3.29,3.40,3.27,3.36,355160.00,3.36
2018-11-05 00:00:00,3.34,3.58,3.31,3.56,485411.66,3.56
2018-11-06 00:00:00,3.57,3.78,3.41,3.65,498093.36,3.65
2018-11-07 00:00:00,3.66,3.84,3.55,3.69,485039.04,3.69
2018-11-08 00:00:00,3.65,3.70,3.46,3.51,347021.07,3.51
2018-11-09 00:00:00,3.53,3.85,3.50,3.70,530736.15,3.70
2018-11-12 00:00:00,3.66,3.95,3.58,3.83,516411.13,3.83
2018-11-13 00:00:00,3.74,4.15,3.72,4.00,594692.68,4.00
2018-11-14 00:00:00,3.96,4.20,3.90,4.01,590695.23,4.01
2018-11-15 00:00:00,3.93,4.10,3.92,3.99,379955.00,3.99
2018-11-16 00:00:00,3.96,4.18,3.88,4.04,532554.07,4.04
2018-11-19 00:00:00,3.94,3.99,3.88,3.90,318274.35,3.90
2018-11-20 00:00:00,3.85,4.03,3.81,3.85,361012.12,3.85
2018-11-21 00:00:00,3.76,3.85,3.72,3.81,247696.12,3.81
2018-11-22 00:00:00,3.80,4.10,3.80,3.94,472412.00,3.94
2018-11-23 00:00:00,3.96,3.96,3.59,3.65,364985.01,3.65
2018-11-26 00:00:00,3.68,3.74,3.60,3.67,162202.00,3.67
2018-11-27 00:00:00,3.61,3.72,3.52,3.61,266422.00,3.61
2018-11-28 00:00:00,3.61,3.67,3.49,3.65,215295.00,3.65
2018-11-29 00:00:00,3.67,3.80,3.61,3.61,351774.56,3.61
2018-11-30 00:00:00,3.60,3.65,3.40,3.54,247308.54,3.54
2018-12-03 00:00:00,3.64,3.76,3.55,3.68,279312.40,3.68
2018-12-04 00:00:00,3.68,3.75,3.66,3.74,232582.00,3.74
2018-12-05 00:00:00,3.65,3.79,3.61,3.66,203252.48,3.66
2018-12-06 00:00:00,3.63,3.93,3.62,3.83,498535.74,3.83
2018-12-07 00:00:00,3.79,3.83,3.70,3.70,296351.54,3.70
2018-12-10 00:00:00,3.60,3.69,3.56,3.58,176226.30,3.58
2018-12-11 00:00:00,3.62,3.65,3.58,3.62,132817.18,3.62
2018-12-12 00:00:00,3.63,3.64,3.55,3.56,111781.00,3.56
2018-12-13 00:00:00,3.56,3.61,3.50,3.52,204710.19,3.52
2018-12-14 00:00:00,3.52,3.53,3.34,3.37,173355.00,3.37
2018-12-17 00:00:00,3.33,3.41,3.31,3.36,84573.00,3.36
2018-12-18 00:00:00,3.41,3.48,3.36,3.39,120162.05,3.39
2018-12-19 00:00:00,3.40,3.41,3.31,3.34,91951.06,3.34
2018-12-20 00:00:00,3.31,3.37,3.30,3.36,77012.00,3.36
2018-12-21 00:00:00,3.36,3.38,3.31,3.34,76913.00,3.34
2018-12-24 00:00:00,3.35,3.38,3.31,3.37,71749.00,3.37
2018-12-25 00:00:00,3.33,3.45,3.15,3.40,199918.00,3.40
2018-12-26 00:00:00,3.39,3.42,3.33,3.34,115183.00,3.34
2018-12-27 00:00:00,3.37,3.38,3.16,3.17,151367.00,3.17
2018-12-28 00:00:00,3.15,3.24,3.15,3.18,92876.00,3.18
2019-01-02 00:00:00,3.17,3.21,3.15,3.17,69082.00,3.17
2019-01-03 00:00:00,3.16,3.31,3.16,3.20,125728.90,3.20
2019-01-04 00:00:00,3.13,3.29,3.08,3.26,181526.39,3.26
2019-01-07 00:00:00,3.30,3.41,3.24,3.35,205162.48,3.35
2019-01-08 00:00:00,3.32,3.36,3.29,3.34,129663.03,3.34
2019-01-09 00:00:00,3.36,3.67,3.32,3.67,316516.93,3.67
2019-01-10 00:00:00,3.86,4.04,3.86,4.04,1032507.56,4.04
2019-01-11 00:00:00,4.06,4.30,3.76,3.81,1182121.75,3.81
2019-01-14 00:00:00,3.64,3.73,3.56,3.72,639599.56,3.72
2019-01-15 00:00:00,3.66,4.09,3.61,4.09,777401.72,4.09
2019-01-16 00:00:00,4.09,4.09,3.87,3.90,780638.56,3.90
2019-01-17 00:00:00,3.88,4.08,3.79,3.93,653776.72,3.93
2019-01-18 00:00:00,4.00,4.18,3.93,4.08,732459.59,4.08
2019-01-21 00:00:00,3.99,4.08,3.84,4.01,494446.96,4.01
2019-01-22 00:00:00,3.94,3.98,3.81,3.82,407933.96,3.82
2019-01-23 00:00:00,3.79,3.94,3.74,3.83,268558.40,3.83
2019-01-24 00:00:00,3.79,4.21,3.79,4.21,747535.62,4.21
2019-01-25 00:00:00,4.26,4.62,4.20,4.30,1448830.06,4.30
2019-01-28 00:00:00,3.87,3.87,3.87,3.87,116654.00,3.87
2019-01-29 00:00:00,3.48,3.48,3.48,3.48,33179.00,3.48
2019-01-30 00:00:00,3.13,3.13,3.13,3.13,57482.00,3.13
2019-01-31 00:00:00,2.82,3.35,2.82,3.04,1080374.64,3.04
2019-02-01 00:00:00,3.01,3.12,2.91,3.09,577444.79,3.09
2019-02-11 00:00:00,3.11,3.35,3.05,3.17,604816.96,3.17
2019-02-12 00:00:00,3.18,3.29,3.15,3.26,576921.83,3.26
2019-02-13 00:00:00,3.26,3.59,3.21,3.50,868504.25,3.50
2019-02-14 00:00:00,3.38,3.48,3.36,3.42,590710.48,3.42
2019-02-15 00:00:00,3.42,3.50,3.37,3.41,422250.83,3.41
2019-02-18 00:00:00,3.44,3.67,3.37,3.64,782730.46,3.64
2019-02-19 00:00:00,3.66,3.98,3.59,3.77,864133.36,3.77
2019-02-20 00:00:00,3.74,3.83,3.65,3.74,510200.45,3.74
2019-02-21 00:00:00,3.76,3.92,3.71,3.81,711094.00,3.81
2019-02-22 00:00:00,3.77,3.84,3.72,3.84,538267.27,3.84
2019-02-25 00:00:00,3.88,4.21,3.85,4.09,815363.67,4.09
2019-02-26 00:00:00,4.10,4.19,3.90,3.99,755552.45,3.99
2019-02-27 00:00:00,3.97,4.05,3.87,3.92,533984.04,3.92
2019-02-28 00:00:00,3.86,3.95,3.83,3.88,406777.60,3.88
2019-03-01 00:00:00,3.90,3.93,3.74,3.84,370820.35,3.84
2019-03-04 00:00:00,3.93,4.11,3.91,3.99,768200.32,3.99
2019-03-05 00:00:00,3.94,4.39,3.92,4.39,1077543.97,4.39
2019-03-06 00:00:00,4.56,4.76,4.41,4.56,1454066.52,4.56
2019-03-07 00:00:00,4.46,4.88,4.40,4.70,1052569.96,4.70
2019-03-08 00:00:00,5.16,5.17,4.87,5.17,888855.59,5.17
2019-03-11 00:00:00,5.69,5.69,5.41,5.69,1219676.06,5.69
2019-03-12 00:00:00,5.79,6.26,5.69,6.26,2195187.91,6.26
2019-03-13 00:00:00,6.57,6.89,6.55,6.89,2079347.82,6.89
2019-03-14 00:00:00,6.20,6.47,6.20,6.20,378699.95,6.20
2019-03-15 00:00:00,5.62,6.60,5.62,6.08,1838241.92,6.08
2019-03-18 00:00:00,5.74,5.84,5.47,5.81,1580510.94,5.81
2019-03-19 00:00:00,5.55,6.07,5.49,5.71,1199684.53,5.71
2019-03-20 00:00:00,5.59,5.78,5.38,5.71,996254.32,5.71
2019-03-21 00:00:00,5.69,6.28,5.61,6.28,1738753.89,6.28
2019-03-22 00:00:00,6.30,6.85,6.02,6.53,2046517.93,6.53
2019-03-25 00:00:00,6.10,7.17,5.88,6.90,1884045.53,6.90
2019-03-27 00:00:00,6.56,6.56,6.56,6.56,8734.00,6.56
2019-03-28 00:00:00,6.23,6.23,6.23,6.23,5390.00,6.23
2019-03-29 00:00:00,5.92,5.92,5.92,5.92,14346.00,5.92
2019-04-01 00:00:00,5.62,5.62,5.62,5.62,19035.00,5.62
2019-04-02 00:00:00,5.34,5.84,5.34,5.61,2440625.69,5.61
2019-04-03 00:00:00,5.36,5.37,5.33,5.33,576435.00,5.33
2019-04-04 00:00:00,5.07,5.19,5.06,5.06,904596.64,5.06
2019-04-08 00:00:00,4.93,4.98,4.81,4.81,656180.95,4.81
2019-04-09 00:00:00,4.83,4.93,4.71,4.79,855744.45,4.79
2019-04-10 00:00:00,4.71,4.81,4.59,4.74,600912.55,4.74
2019-04-11 00:00:00,4.73,4.98,4.69,4.83,837492.95,4.83
2019-04-12 00:00:00,4.80,4.85,4.59,4.59,812157.72,4.59
2019-04-15 00:00:00,4.62,4.65,4.36,4.36,756887.07,4.36
2019-04-16 00:00:00,4.28,4.40,4.22,4.38,624326.97,4.38
2019-04-17 00:00:00,4.36,4.49,4.34,4.39,550444.38,4.39
2019-04-18 00:00:00,4.37,4.38,4.25,4.27,475624.20,4.27
2019-04-19 00:00:00,4.28,4.48,4.24,4.48,717796.28,4.48
2019-04-22 00:00:00,4.48,4.48,4.30,4.32,564573.28,4.32
2019-04-24 00:00:00,4.10,4.10,4.10,4.10,24681.00,4.10
2019-04-25 00:00:00,3.90,3.90,3.90,3.90,18597.00,3.90
2019-04-26 00:00:00,3.71,3.71,3.71,3.71,9453.00,3.71
2019-04-29 00:00:00,3.52,3.52,3.52,3.52,13013.00,3.52
2019-04-30 00:00:00,3.34,3.42,3.34,3.34,791881.76,3.34
2019-05-06 00:00:00,3.19,3.23,3.17,3.17,306280.43,3.17
2019-05-07 00:00:00,3.10,3.18,3.01,3.01,554760.60,3.01
2019-05-08 00:00:00,2.94,3.15,2.87,3.05,564186.36,3.05
2019-05-09 00:00:00,3.04,3.18,3.01,3.06,401266.18,3.06
2019-05-10 00:00:00,3.05,3.21,3.02,3.21,595197.38,3.21
2019-05-13 00:00:00,3.10,3.17,3.05,3.05,610060.68,3.05
2019-05-14 00:00:00,2.95,3.04,2.93,3.01,407241.00,3.01
2019-05-15 00:00:00,3.04,3.16,2.99,3.16,368627.62,3.16
2019-05-16 00:00:00,3.17,3.28,3.12,3.20,554453.22,3.20
2019-05-17 00:00:00,3.23,3.36,3.19,3.27,802145.32,3.27
2019-05-20 00:00:00,3.14,3.22,3.11,3.11,506081.02,3.11
2019-05-21 00:00:00,3.06,3.12,2.95,3.02,413275.24,3.02
2019-05-22 00:00:00,3.01,3.08,2.98,3.01,267632.22,3.01
2019-05-23 00:00:00,3.05,3.16,3.03,3.05,370199.60,3.05
2019-05-24 00:00:00,2.97,2.98,2.90,2.90,270597.50,2.90
2019-05-27 00:00:00,2.77,2.94,2.77,2.89,365758.10,2.89
2019-05-28 00:00:00,2.87,2.97,2.87,2.90,257821.00,2.90
2019-05-29 00:00:00,2.84,2.90,2.76,2.80,341401.51,2.80
2019-05-30 00:00:00,2.77,2.78,2.66,2.66,184277.00,2.66
2019-05-31 00:00:00,2.54,2.64,2.53,2.54,435981.83,2.54
2019-06-03 00:00:00,2.50,2.52,2.41,2.41,199217.03,2.41
2019-06-04 00:00:00,2.29,2.33,2.29,2.29,246430.00,2.29
2019-06-05 00:00:00,2.29,2.32,2.18,2.18,227046.01,2.18
2019-06-06 00:00:00,2.11,2.13,2.07,2.07,159236.29,2.07
2019-06-10 00:00:00,1.99,2.00,1.97,1.97,140741.00,1.97
2019-06-11 00:00:00,1.87,2.03,1.87,2.00,368187.01,2.00
2019-06-12 00:00:00,1.96,2.10,1.93,2.10,337481.37,2.10
2019-06-13 00:00:00,2.13,2.21,2.10,2.21,273232.00,2.21
2019-06-14 00:00:00,2.27,2.32,2.12,2.17,482460.01,2.17
2019-06-17 00:00:00,2.06,2.11,2.06,2.06,336507.20,2.06
2019-06-18 00:00:00,2.04,2.16,2.04,2.14,234398.00,2.14
2019-06-19 00:00:00,2.21,2.21,2.11,2.13,206315.03,2.13
2019-06-20 00:00:00,2.13,2.14,2.06,2.08,197909.00,2.08
2019-06-21 00:00:00,2.18,2.18,2.18,2.18,108100.00,2.18
2019-06-24 00:00:00,2.26,2.29,2.20,2.24,340328.00,2.24
2019-06-25 00:00:00,2.22,2.30,2.18,2.26,227555.00,2.26
2019-06-26 00:00:00,2.22,2.37,2.21,2.37,333924.85,2.37
2019-06-27 00:00:00,2.37,2.45,2.35,2.35,331091.63,2.35
2019-06-28 00:00:00,2.31,2.36,2.23,2.28,255856.10,2.28
2019-07-01 00:00:00,2.34,2.34,2.28,2.33,206117.00,2.33
2019-07-02 00:00:00,2.32,2.45,2.30,2.45,407467.42,2.45
2019-07-03 00:00:00,2.45,2.49,2.33,2.33,376189.82,2.33
2019-07-04 00:00:00,2.29,2.36,2.28,2.31,144319.01,2.31
2019-07-05 00:00:00,2.32,2.37,2.30,2.33,128802.01,2.33
2019-07-08 00:00:00,2.24,2.24,2.21,2.21,123600.00,2.21
2019-07-09 00:00:00,2.15,2.19,2.11,2.16,150539.00,2.16
2019-07-10 00:00:00,2.15,2.23,2.15,2.17,121415.00,2.17
2019-07-11 00:00:00,2.18,2.23,2.15,2.17,116388.00,2.17
2019-07-12 00:00:00,2.18,2.18,2.11,2.14,92750.00,2.14
2019-07-15 00:00:00,2.13,2.18,2.11,2.17,83477.01,2.17
2019-07-16 00:00:00,2.16,2.19,2.14,2.17,98449.00,2.17
2019-07-17 00:00:00,2.15,2.16,2.13,2.13,98812.03,2.13
2019-07-18 00:00:00,2.10,2.11,2.02,2.02,217322.00,2.02
2019-07-19 00:00:00,2.02,2.05,2.00,2.02,92529.00,2.02
2019-07-22 00:00:00,2.01,2.03,1.92,1.92,155856.50,1.92
2019-07-23 00:00:00,1.95,2.02,1.92,2.02,137353.00,2.02
2019-07-24 00:00:00,2.04,2.08,2.02,2.03,146783.00,2.03
2019-07-25 00:00:00,2.01,2.08,2.01,2.06,113586.10,2.06
2019-07-26 00:00:00,2.04,2.06,2.03,2.04,78320.00,2.04
2019-07-29 00:00:00,2.04,2.05,2.00,2.01,67065.00,2.01
2019-07-30 00:00:00,2.00,2.03,2.00,2.01,73043.00,2.01
2019-07-31 00:00:00,2.00,2.02,1.99,1.99,58189.11,1.99
2019-08-01 00:00:00,1.96,2.07,1.96,2.03,93696.01,2.03
2019-08-02 00:00:00,1.98,2.04,1.98,2.04,92179.61,2.04
2019-08-05 00:00:00,2.02,2.08,1.97,1.99,124156.00,1.99
2019-08-06 00:00:00,1.95,1.96,1.89,1.94,132601.00,1.94
2019-08-07 00:00:00,1.94,1.97,1.91,1.93,72058.01,1.93
2019-08-08 00:00:00,2.01,2.03,1.99,2.03,346475.71,2.03
2019-08-09 00:00:00,1.98,1.99,1.93,1.93,286919.10,1.93
2019-08-12 00:00:00,1.87,1.91,1.83,1.89,195285.08,1.89
2019-08-13 00:00:00,1.87,1.92,1.84,1.88,117984.05,1.88
2019-08-14 00:00:00,1.88,1.91,1.86,1.88,88028.10,1.88
2019-08-15 00:00:00,1.83,1.86,1.80,1.85,107217.45,1.85
2019-08-16 00:00:00,1.85,1.87,1.83,1.83,73906.00,1.83
2019-08-19 00:00:00,1.84,1.88,1.83,1.87,97607.10,1.87
2019-08-20 00:00:00,1.86,1.89,1.86,1.87,86964.00,1.87
2019-08-21 00:00:00,1.85,1.87,1.84,1.86,71090.00,1.86
2019-08-22 00:00:00,1.86,1.95,1.84,1.93,178506.78,1.93
2019-08-23 00:00:00,1.91,1.92,1.87,1.88,121385.00,1.88
2019-08-26 00:00:00,1.81,1.85,1.80,1.84,79304.02,1.84
2019-08-27 00:00:00,1.91,1.92,1.88,1.89,159045.37,1.89
2019-08-28 00:00:00,1.88,1.91,1.87,1.90,88698.00,1.90
2019-08-29 00:00:00,1.90,1.91,1.87,1.88,73009.72,1.88
2019-08-30 00:00:00,1.89,1.90,1.84,1.84,109212.00,1.84
2019-09-02 00:00:00,1.84,1.89,1.83,1.88,89542.00,1.88
2019-09-03 00:00:00,1.87,1.97,1.87,1.97,256094.64,1.97
2019-09-04 00:00:00,1.96,2.07,1.92,2.01,316303.80,2.01
2019-09-05 00:00:00,2.00,2.03,1.98,2.00,189612.00,2.00
2019-09-06 00:00:00,2.00,2.04,1.98,2.04,151173.00,2.04
2019-09-09 00:00:00,2.04,2.14,2.04,2.14,290116.50,2.14
2019-09-10 00:00:00,2.14,2.19,2.09,2.11,244732.00,2.11
2019-09-11 00:00:00,2.09,2.20,2.09,2.15,192134.75,2.15
2019-09-12 00:00:00,2.15,2.17,2.08,2.13,156433.23,2.13
2019-09-16 00:00:00,2.24,2.24,2.20,2.24,123492.50,2.24
2019-09-17 00:00:00,2.35,2.35,2.35,2.35,44911.01,2.35
2019-09-18 00:00:00,2.47,2.47,2.26,2.30,490872.44,2.30
2019-09-19 00:00:00,2.30,2.37,2.21,2.34,299185.02,2.34
2019-09-20 00:00:00,2.31,2.38,2.28,2.32,198346.66,2.32
2019-09-23 00:00:00,2.29,2.33,2.25,2.29,164700.21,2.29
2019-09-24 00:00:00,2.28,2.40,2.28,2.36,211545.49,2.36
2019-09-25 00:00:00,2.33,2.48,2.31,2.45,243414.50,2.45
2019-09-26 00:00:00,2.51,2.52,2.33,2.33,234250.00,2.33
2019-09-27 00:00:00,2.27,2.39,2.27,2.33,156868.57,2.33
2019-09-30 00:00:00,2.44,2.44,2.34,2.37,161674.49,2.37
2019-10-08 00:00:00,2.34,2.38,2.25,2.26,141807.00,2.26
2019-10-09 00:00:00,2.20,2.28,2.19,2.22,127039.20,2.22
2019-10-10 00:00:00,2.22,2.25,2.19,2.23,113113.06,2.23
2019-10-11 00:00:00,2.22,2.26,2.22,2.26,87321.27,2.26
2019-10-14 00:00:00,2.26,2.30,2.22,2.27,118251.27,2.27
2019-10-15 00:00:00,2.25,2.32,2.25,2.26,82718.00,2.26
2019-10-16 00:00:00,2.32,2.32,2.25,2.25,105315.00,2.25
2019-10-17 00:00:00,2.24,2.27,2.20,2.21,95186.00,2.21
2019-10-18 00:00:00,2.22,2.23,2.11,2.14,147782.00,2.14
2019-10-21 00:00:00,2.16,2.18,2.11,2.16,106663.00,2.16
2019-10-22 00:00:00,2.15,2.16,2.12,2.15,80840.00,2.15
2019-10-23 00:00:00,2.15,2.15,2.10,2.12,61892.01,2.12
2019-10-24 00:00:00,2.12,2.12,2.02,2.04,106204.00,2.04
2019-10-25 00:00:00,2.03,2.06,2.00,2.05,75848.49,2.05
2019-10-28 00:00:00,2.05,2.14,2.05,2.12,111573.91,2.12
2019-10-29 00:00:00,2.13,2.13,2.08,2.08,73719.00,2.08
2019-10-30 00:00:00,2.06,2.12,2.05,2.11,75130.03,2.11
2019-10-31 00:00:00,2.10,2.15,2.06,2.09,78498.00,2.09
2019-11-01 00:00:00,2.08,2.11,2.05,2.09,48248.72,2.09
2019-11-04 00:00:00,2.07,2.10,2.02,2.03,94957.00,2.03
2019-11-05 00:00:00,2.04,2.13,2.04,2.13,191884.61,2.13
2019-11-06 00:00:00,2.14,2.17,2.09,2.11,101044.01,2.11
2019-11-07 00:00:00,2.11,2.17,2.09,2.13,80422.00,2.13
2019-11-08 00:00:00,2.15,2.17,2.06,2.07,98208.01,2.07
2019-11-11 00:00:00,2.05,2.05,1.97,1.97,130648.80,1.97
2019-11-12 00:00:00,1.99,2.07,1.94,2.02,111079.00,2.02
2019-11-13 00:00:00,2.00,2.08,2.00,2.07,84941.09,2.07
2019-11-14 00:00:00,2.11,2.12,2.07,2.08,74742.10,2.08
2019-11-15 00:00:00,2.09,2.17,2.07,2.15,133570.72,2.15
2019-11-18 00:00:00,2.15,2.19,2.13,2.15,87357.00,2.15
2019-11-19 00:00:00,2.15,2.16,2.13,2.14,68061.72,2.14
2019-11-20 00:00:00,2.16,2.16,2.08,2.09,74923.00,2.09
2019-11-21 00:00:00,2.08,2.17,2.08,2.13,69321.03,2.13
2019-11-22 00:00:00,2.15,2.15,2.09,2.12,54534.15,2.12
2019-11-25 00:00:00,2.12,2.12,2.08,2.10,41945.00,2.10
2019-11-26 00:00:00,2.10,2.15,2.08,2.13,64416.49,2.13
2019-11-27 00:00:00,2.12,2.16,2.10,2.16,85225.00,2.16
2019-11-28 00:00:00,2.16,2.27,2.15,2.27,177540.30,2.27
2019-11-29 00:00:00,2.30,2.38,2.25,2.33,266767.41,2.33
2019-12-02 00:00:00,2.31,2.45,2.26,2.44,231037.69,2.44
2019-12-03 00:00:00,2.40,2.49,2.37,2.39,268996.64,2.39
2019-12-04 00:00:00,2.36,2.47,2.28,2.30,239574.49,2.30
2019-12-05 00:00:00,2.32,2.34,2.27,2.30,131986.48,2.30
2019-12-06 00:00:00,2.30,2.36,2.29,2.34,107410.00,2.34
2019-12-09 00:00:00,2.29,2.32,2.22,2.29,140318.51,2.29
2019-12-10 00:00:00,2.25,2.28,2.23,2.26,102261.70,2.26
2019-12-11 00:00:00,2.30,2.30,2.23,2.25,99636.40,2.25
2019-12-12 00:00:00,2.23,2.25,2.20,2.21,107034.00,2.21
2019-12-13 00:00:00,2.23,2.27,2.22,2.24,108934.36,2.24
2019-12-16 00:00:00,2.23,2.23,2.19,2.23,129470.21,2.23
2019-12-17 00:00:00,2.22,2.29,2.21,2.28,159834.14,2.28
2019-12-18 00:00:00,2.28,2.29,2.25,2.26,109961.73,2.26
2019-12-19 00:00:00,2.25,2.33,2.23,2.30,148171.04,2.30
2019-12-20 00:00:00,2.30,2.36,2.29,2.34,182136.23,2.34
2019-12-23 00:00:00,2.30,2.32,2.22,2.26,197525.23,2.26
2019-12-24 00:00:00,2.25,2.37,2.24,2.37,330489.29,2.37
2019-12-25 00:00:00,2.39,2.41,2.26,2.30,333479.40,2.30
2019-12-26 00:00:00,2.29,2.32,2.25,2.27,206480.40,2.27
2019-12-27 00:00:00,2.26,2.27,2.19,2.20,240756.08,2.20
2019-12-30 00:00:00,2.11,2.14,2.09,2.11,184997.62,2.11
2019-12-31 00:00:00,2.07,2.14,2.05,2.13,89771.00,2.13
2020-01-02 00:00:00,2.15,2.17,2.14,2.15,119389.08,2.15
2020-01-03 00:00:00,2.15,2.20,2.14,2.19,119363.00,2.19
2020-01-06 00:00:00,2.18,2.19,2.15,2.17,119364.20,2.17
2020-01-07 00:00:00,2.16,2.27,2.16,2.25,216011.56,2.25
2020-01-08 00:00:00,2.22,2.29,2.22,2.22,163602.00,2.22
2020-01-09 00:00:00,2.23,2.25,2.22,2.24,114796.45,2.24
2020-01-10 00:00:00,2.26,2.26,2.18,2.22,100856.06,2.22
2020-01-13 00:00:00,2.22,2.22,2.15,2.20,94561.99,2.20
2020-01-14 00:00:00,2.19,2.22,2.17,2.18,81295.13,2.18
2020-01-15 00:00:00,2.19,2.24,2.17,2.21,114481.40,2.21
2020-01-16 00:00:00,2.20,2.22,2.17,2.17,101620.01,2.17
2020-01-17 00:00:00,2.06,2.06,2.06,2.06,44650.00,2.06
2020-01-20 00:00:00,1.96,1.96,1.96,1.96,42951.00,1.96
2020-01-21 00:00:00,1.86,1.95,1.86,1.87,396955.06,1.87
2020-01-22 00:00:00,1.85,1.92,1.83,1.88,159137.56,1.88
2020-01-23 00:00:00,1.89,1.89,1.80,1.81,189860.73,1.81
2020-02-03 00:00:00,1.72,1.72,1.72,1.72,16398.00,1.72
2020-02-04 00:00:00,1.63,1.70,1.63,1.63,218630.84,1.63
2020-02-05 00:00:00,1.64,1.68,1.63,1.65,124309.00,1.65
2020-02-06 00:00:00,1.65,1.73,1.63,1.73,195651.70,1.73
2020-02-07 00:00:00,1.74,1.82,1.71,1.82,175406.90,1.82
2020-02-10 00:00:00,1.85,1.91,1.85,1.91,114393.00,1.91
2020-02-11 00:00:00,2.01,2.01,2.01,2.01,19747.00,2.01
2020-02-12 00:00:00,2.11,2.11,1.91,1.98,283165.01,1.98
2020-02-13 00:00:00,1.95,2.04,1.94,2.03,193188.69,2.03
2020-02-14 00:00:00,2.00,2.06,1.93,1.93,210485.00,1.93
2020-02-17 00:00:00,1.95,1.96,1.85,1.95,157955.50,1.95
2020-02-18 00:00:00,1.93,1.95,1.91,1.93,128884.21,1.93
2020-02-19 00:00:00,1.91,2.03,1.88,2.00,229866.39,2.00
2020-02-20 00:00:00,1.95,2.01,1.94,1.98,168334.00,1.98
2020-02-21 00:00:00,1.96,1.97,1.88,1.92,185172.18,1.92
2020-02-24 00:00:00,1.92,2.00,1.91,1.97,147895.00,1.97
2020-02-25 00:00:00,1.91,1.99,1.91,1.97,175108.49,1.97
2020-02-26 00:00:00,1.94,2.07,1.94,2.01,248855.46,2.01
2020-02-27 00:00:00,2.00,2.09,1.98,2.02,144045.18,2.02
2020-02-28 00:00:00,1.96,1.99,1.92,1.92,163910.00,1.92
2020-03-02 00:00:00,1.89,1.93,1.83,1.90,154277.88,1.90
2020-03-03 00:00:00,1.93,1.99,1.93,1.96,164455.00,1.96
2020-03-04 00:00:00,1.93,1.98,1.90,1.95,105103.90,1.95
2020-03-05 00:00:00,1.96,1.99,1.95,1.99,115928.01,1.99
2020-03-06 00:00:00,2.00,2.01,1.96,1.99,122476.31,1.99
2020-03-09 00:00:00,1.94,1.96,1.91,1.91,136039.15,1.91
2020-03-10 00:00:00,1.85,1.95,1.85,1.94,105048.15,1.94
2020-03-11 00:00:00,1.93,1.99,1.93,1.95,114507.00,1.95
2020-03-12 00:00:00,1.92,1.97,1.92,1.96,113373.08,1.96
2020-03-13 00:00:00,1.90,2.06,1.88,2.06,327838.11,2.06
2020-03-16 00:00:00,2.16,2.16,2.06,2.15,435915.87,2.15
2020-03-17 00:00:00,2.08,2.26,2.08,2.24,374057.44,2.24
2020-03-18 00:00:00,2.20,2.28,2.13,2.14,334739.16,2.14
2020-03-19 00:00:00,2.15,2.25,2.09,2.25,356548.96,2.25
2022-08-22 00:00:00,11.02,13.25,11.02,13.24,912213.34,13.24
2022-08-23 00:00:00,11.92,12.98,11.92,11.92,1419140.34,11.92
2022-08-24 00:00:00,10.73,10.73,10.73,10.73,99382.00,10.73
2022-08-25 00:00:00,9.66,11.72,9.66,11.11,2073768.46,11.11
2022-08-26 00:00:00,10.02,10.55,10.00,10.00,1600004.49,10.00
2022-08-29 00:00:00,9.50,10.15,9.21,9.25,1186299.76,9.25
2022-08-30 00:00:00,9.19,9.68,9.02,9.37,1162647.29,9.37
2022-08-31 00:00:00,9.17,9.68,8.93,9.42,1134897.42,9.42
2022-09-01 00:00:00,9.43,10.36,9.43,10.36,1821085.47,10.36
2022-09-02 00:00:00,10.36,11.40,10.20,11.40,1446822.06,11.40
2022-09-05 00:00:00,11.50,11.75,10.26,10.43,2075222.20,10.43
2022-09-06 00:00:00,10.21,10.55,9.91,10.05,1407542.35,10.05
2022-09-07 00:00:00,9.91,10.35,9.68,9.76,1326273.55,9.76
2022-09-08 00:00:00,9.61,9.74,9.13,9.13,1064549.45,9.13
2022-09-09 00:00:00,9.13,9.34,8.97,9.10,730031.77,9.10
2022-09-13 00:00:00,9.10,9.34,8.97,9.32,734645.88,9.32
2022-09-14 00:00:00,9.12,10.08,9.08,9.80,1263779.66,9.80
2022-09-15 00:00:00,9.65,9.70,8.82,8.82,1091501.71,8.82
2022-09-16 00:00:00,8.62,8.77,8.18,8.26,830446.60,8.26
2022-09-19 00:00:00,8.19,8.32,7.76,7.82,669302.39,7.82
2022-09-20 00:00:00,7.95,8.17,7.87,8.06,595901.82,8.06
2022-09-21 00:00:00,7.87,8.24,7.83,8.14,685982.90,8.14
2022-09-22 00:00:00,8.02,8.30,7.97,8.01,568522.80,8.01
2022-09-23 00:00:00,7.92,7.98,7.48,7.51,677845.30,7.51
2022-09-26 00:00:00,7.50,7.61,7.27,7.31,436513.43,7.31
2022-09-27 00:00:00,7.33,7.51,7.31,7.46,446127.89,7.46
2022-09-28 00:00:00,7.40,7.43,7.12,7.16,532986.00,7.16
2022-09-29 00:00:00,7.26,7.31,7.05,7.05,360960.73,7.05
2022-09-30 00:00:00,7.08,7.18,6.99,7.01,308903.67,7.01
2022-10-10 00:00:00,7.07,7.11,6.72,6.78,315810.01,6.78
2022-10-11 00:00:00,6.82,6.86,6.72,6.80,248270.00,6.80
2022-10-12 00:00:00,6.78,7.48,6.75,7.48,635539.83,7.48
2022-10-13 00:00:00,7.55,7.71,7.25,7.25,1047598.23,7.25
2022-10-14 00:00:00,7.26,7.44,7.25,7.33,679131.94,7.33
2022-10-17 00:00:00,7.23,7.68,7.19,7.54,741895.92,7.54
2022-10-18 00:00:00,7.56,7.57,7.32,7.43,573470.58,7.43
2022-10-19 00:00:00,7.43,7.60,7.28,7.34,498099.00,7.34
2022-10-20 00:00:00,7.39,8.07,7.36,8.07,916278.94,8.07
2022-10-21 00:00:00,8.13,8.81,7.73,8.43,1564428.05,8.43
2022-10-24 00:00:00,8.20,9.27,8.14,9.27,1555705.83,9.27
2022-10-25 00:00:00,9.00,9.23,8.34,8.34,1468913.81,8.34
2022-10-26 00:00:00,8.03,9.00,7.94,8.63,1290229.33,8.63
2022-10-27 00:00:00,8.42,8.87,8.31,8.36,1051848.83,8.36
2022-10-28 00:00:00,8.44,9.20,8.38,9.20,1396117.90,9.20
2022-10-31 00:00:00,9.20,10.10,9.00,9.79,1724528.79,9.79
2022-11-01 00:00:00,9.39,9.91,9.19,9.72,1372280.51,9.72
2022-11-03 00:00:00,8.75,10.50,8.75,9.99,1558320.59,9.99
2022-11-04 00:00:00,9.45,9.92,9.10,9.40,1435928.23,9.40
2022-11-07 00:00:00,9.18,9.40,8.96,9.06,1024852.21,9.06
2022-11-08 00:00:00,9.00,9.11,8.75,8.81,743333.91,8.81
2022-11-09 00:00:00,8.84,9.68,8.65,9.50,1332063.00,9.50
2022-11-10 00:00:00,9.20,9.65,9.12,9.15,1171435.90,9.15
2022-11-11 00:00:00,9.31,9.51,8.99,9.15,1052770.39,9.15
2022-11-14 00:00:00,8.90,9.14,8.75,8.82,648859.19,8.82
2022-11-15 00:00:00,8.76,9.39,8.73,9.08,907130.00,9.08
2022-11-16 00:00:00,8.94,9.09,8.77,8.81,639819.03,8.81
2022-11-17 00:00:00,8.77,8.83,8.41,8.73,678807.03,8.73
2022-11-18 00:00:00,8.73,8.83,8.23,8.29,620214.03,8.29
2022-11-21 00:00:00,8.18,8.39,8.10,8.28,404871.15,8.28
2022-11-22 00:00:00,8.20,8.43,8.10,8.10,440988.15,8.10
2022-11-23 00:00:00,8.03,8.08,7.64,7.88,499197.00,7.88
2022-11-24 00:00:00,7.98,8.24,7.89,8.08,469559.12,8.08
2022-11-25 00:00:00,8.06,8.20,7.90,7.91,336192.90,7.91
2022-11-28 00:00:00,7.80,8.13,7.68,8.10,335369.70,8.10
2022-11-29 00:00:00,8.11,8.30,8.03,8.16,383136.88,8.16
2022-11-30 00:00:00,8.14,8.42,8.08,8.36,533896.29,8.36
2022-12-01 00:00:00,8.36,8.41,8.17,8.26,512027.80,8.26
2022-12-02 00:00:00,8.22,8.26,8.12,8.14,290123.68,8.14
2022-12-05 00:00:00,8.18,8.21,8.07,8.16,249708.69,8.16
2022-12-06 00:00:00,8.15,8.69,8.10,8.46,765416.94,8.46
2022-12-07 00:00:00,8.31,8.31,8.09,8.12,522486.45,8.12
2022-12-08 00:00:00,8.11,8.11,7.87,7.88,369927.64,7.88
2022-12-09 00:00:00,7.86,8.01,7.78,7.82,280483.48,7.82
2022-12-12 00:00:00,7.73,8.02,7.71,7.84,288689.13,7.84
2022-12-13 00:00:00,7.80,7.82,7.65,7.66,288208.00,7.66
2022-12-14 00:00:00,7.95,8.27,7.91,7.95,694730.97,7.95
2022-12-15 00:00:00,7.73,8.63,7.68,8.29,956102.50,8.29
2022-12-16 00:00:00,8.16,8.16,7.82,7.87,619604.06,7.87
2022-12-19 00:00:00,7.77,7.89,7.68,7.70,301628.13,7.70
2022-12-20 00:00:00,7.66,7.83,7.65,7.72,223884.06,7.72
2022-12-21 00:00:00,7.69,7.77,7.28,7.33,344035.66,7.33
2022-12-22 00:00:00,7.32,7.37,7.08,7.10,276774.66,7.10
2022-12-23 00:00:00,7.07,7.51,6.98,7.28,304015.46,7.28
2022-12-26 00:00:00,7.20,7.41,7.17,7.35,245181.43,7.35
2022-12-27 00:00:00,7.29,7.53,7.20,7.38,338511.11,7.38
2022-12-28 00:00:00,7.31,7.33,7.12,7.12,233365.00,7.12
2022-12-29 00:00:00,7.12,7.20,7.02,7.02,178474.00,7.02
2022-12-30 00:00:00,7.09,7.13,6.98,7.02,140586.18,7.02
